drug_name,chembl_link
carnitine,https://www.ebi.ac.uk/chembl/explore/compound/CHEMBL172513
5-aminolevulinic,https://www.ebi.ac.uk/chembl/explore/compound/CHEMBL1096562
leucovorin,https://www.ebi.ac.uk/chembl/explore/compound/CHEMBL1679
PGE2,https://www.ebi.ac.uk/chembl/explore/compound/CHEMBL548
prostacyclin,https://www.ebi.ac.uk/chembl/explore/compound/CHEMBL1139
prostaglandin,https://www.ebi.ac.uk/chembl/explore/compound/CHEMBL2074642
acetylcholine,https://www.ebi.ac.uk/chembl/explore/compound/CHEMBL667
adenosine,https://www.ebi.ac.uk/chembl/explore/compound/CHEMBL477
PGE1,https://www.ebi.ac.uk/chembl/explore/compound/CHEMBL495
arginine,https://www.ebi.ac.uk/chembl/explore/compound/CHEMBL1485
benzyl,https://www.ebi.ac.uk/chembl/explore/compound/CHEMBL189886
betaine,https://www.ebi.ac.uk/chembl/explore/compound/CHEMBL95889
calcium,https://www.ebi.ac.uk/chembl/explore/compound/CHEMBL5072826
graphene,⚠️ No compound links found.
chloramphenicol,https://www.ebi.ac.uk/chembl/explore/compound/CHEMBL130
bile,https://www.ebi.ac.uk/chembl/explore/compound/CHEMBL1258080
choline,https://www.ebi.ac.uk/chembl/explore/compound/CHEMBL920
citric,https://www.ebi.ac.uk/chembl/explore/compound/CHEMBL1080997
chloride,https://www.ebi.ac.uk/chembl/explore/compound/CHEMBL1231821
salicylate,https://www.ebi.ac.uk/chembl/explore/compound/CHEMBL424
D-cycloserine,https://www.ebi.ac.uk/chembl/explore/compound/CHEMBL771
bupropion,https://www.ebi.ac.uk/chembl/explore/compound/CHEMBL894
estradiol,https://www.ebi.ac.uk/chembl/explore/compound/CHEMBL135
mannitol,https://www.ebi.ac.uk/chembl/explore/compound/CHEMBL689
EACA,https://www.ebi.ac.uk/chembl/explore/compound/CHEMBL1046
N-acetylcysteine,https://www.ebi.ac.uk/chembl/explore/compound/CHEMBL600
cytarabine,https://www.ebi.ac.uk/chembl/explore/compound/CHEMBL803
mesna,https://www.ebi.ac.uk/chembl/explore/compound/CHEMBL975
lactate,https://www.ebi.ac.uk/chembl/explore/compound/CHEMBL358850
DMSO,https://www.ebi.ac.uk/chembl/explore/compound/CHEMBL504
dopamine,https://www.ebi.ac.uk/chembl/explore/compound/CHEMBL59
estrone,https://www.ebi.ac.uk/chembl/explore/compound/CHEMBL1405
Oestrogen,https://www.ebi.ac.uk/chembl/explore/compound/CHEMBL1405
monoethanolamine,https://www.ebi.ac.uk/chembl/explore/compound/CHEMBL104943
glutamine,https://www.ebi.ac.uk/chembl/explore/compound/CHEMBL503871
glycine,https://www.ebi.ac.uk/chembl/explore/compound/CHEMBL773
LMWH,https://www.ebi.ac.uk/chembl/explore/compound/CHEMBL1697742
histamine,https://www.ebi.ac.uk/chembl/explore/compound/CHEMBL90
potassium,⚠️ No compound links found.
epinephrine,https://www.ebi.ac.uk/chembl/explore/compound/CHEMBL679
thyroxine,https://www.ebi.ac.uk/chembl/explore/compound/CHEMBL1624
triiodothyronine,https://www.ebi.ac.uk/chembl/explore/compound/CHEMBL1544
magnesium,https://www.ebi.ac.uk/chembl/explore/compound/CHEMBL2146125
melatonin,https://www.ebi.ac.uk/chembl/explore/compound/CHEMBL45
sodium,https://www.ebi.ac.uk/chembl/explore/compound/CHEMBL841
niacin,https://www.ebi.ac.uk/chembl/explore/compound/CHEMBL573
nicotine,https://www.ebi.ac.uk/chembl/explore/compound/CHEMBL3
nitrous,https://www.ebi.ac.uk/chembl/explore/compound/CHEMBL1161681
norepinephrine,https://www.ebi.ac.uk/chembl/explore/compound/CHEMBL1437
phosphate,https://www.ebi.ac.uk/chembl/explore/compound/CHEMBL1187
pyrazinamide,https://www.ebi.ac.uk/chembl/explore/compound/CHEMBL614
quinidine,https://www.ebi.ac.uk/chembl/explore/compound/CHEMBL1294
thiosulfate,https://www.ebi.ac.uk/chembl/explore/compound/CHEMBL1208642
tetrahydrobiopterin,https://www.ebi.ac.uk/chembl/explore/compound/CHEMBL1201774
thiamine,https://www.ebi.ac.uk/chembl/explore/compound/CHEMBL1547
thymidine,https://www.ebi.ac.uk/chembl/explore/compound/CHEMBL52609
methamphetamine,https://www.ebi.ac.uk/chembl/explore/compound/CHEMBL1201201
naproxen,https://www.ebi.ac.uk/chembl/explore/compound/CHEMBL154
cladribine,https://www.ebi.ac.uk/chembl/explore/compound/CHEMBL1619
doxorubicin,https://www.ebi.ac.uk/chembl/explore/compound/CHEMBL53463
4-AP,https://www.ebi.ac.uk/chembl/explore/compound/CHEMBL284348
phenytoin,https://www.ebi.ac.uk/chembl/explore/compound/CHEMBL16
methazolamide,https://www.ebi.ac.uk/chembl/explore/compound/CHEMBL19
5-azacytidine,https://www.ebi.ac.uk/chembl/explore/compound/CHEMBL1489
methylprednisolone,https://www.ebi.ac.uk/chembl/explore/compound/CHEMBL650
abacavir,https://www.ebi.ac.uk/chembl/explore/compound/CHEMBL1380
amphotericin,https://www.ebi.ac.uk/chembl/explore/compound/CHEMBL267345
acebutolol,https://www.ebi.ac.uk/chembl/explore/compound/CHEMBL642
acetaminophen,https://www.ebi.ac.uk/chembl/explore/compound/CHEMBL112
acetazolamide,https://www.ebi.ac.uk/chembl/explore/compound/CHEMBL20
acetohydroxamic,https://www.ebi.ac.uk/chembl/explore/compound/CHEMBL734
actinomycin,https://www.ebi.ac.uk/chembl/explore/compound/CHEMBL1554
acyclovir,https://www.ebi.ac.uk/chembl/explore/compound/CHEMBL184
albendazole,https://www.ebi.ac.uk/chembl/explore/compound/CHEMBL1483
salbutamol,https://www.ebi.ac.uk/chembl/explore/compound/CHEMBL714
Almeta,https://www.ebi.ac.uk/chembl/explore/compound/CHEMBL1201273
alendronate,https://www.ebi.ac.uk/chembl/explore/compound/CHEMBL870
alfuzosin,https://www.ebi.ac.uk/chembl/explore/compound/CHEMBL709
allopurinol,https://www.ebi.ac.uk/chembl/explore/compound/CHEMBL1467
alosetron,https://www.ebi.ac.uk/chembl/explore/compound/CHEMBL1110
alprazolam,https://www.ebi.ac.uk/chembl/explore/compound/CHEMBL661
amantadine,https://www.ebi.ac.uk/chembl/explore/compound/CHEMBL660
amcinonide,https://www.ebi.ac.uk/chembl/explore/compound/CHEMBL1200732
diatrizoate,https://www.ebi.ac.uk/chembl/explore/compound/CHEMBL1201220
amifostine,https://www.ebi.ac.uk/chembl/explore/compound/CHEMBL1006
aminoglutethimide,https://www.ebi.ac.uk/chembl/explore/compound/CHEMBL488
theophylline,https://www.ebi.ac.uk/chembl/explore/compound/CHEMBL190
amiodarone,https://www.ebi.ac.uk/chembl/explore/compound/CHEMBL633
amisulpride,https://www.ebi.ac.uk/chembl/explore/compound/CHEMBL243712
amitriptyline,https://www.ebi.ac.uk/chembl/explore/compound/CHEMBL629
amlexanox,https://www.ebi.ac.uk/chembl/explore/compound/CHEMBL1096
amlodipine,https://www.ebi.ac.uk/chembl/explore/compound/CHEMBL1491
amobarbital,https://www.ebi.ac.uk/chembl/explore/compound/CHEMBL267894
amorolfine,https://www.ebi.ac.uk/chembl/explore/compound/CHEMBL489411
amoxapine,https://www.ebi.ac.uk/chembl/explore/compound/CHEMBL1113
amoxicillin,https://www.ebi.ac.uk/chembl/explore/compound/CHEMBL1082
ampicillin,https://www.ebi.ac.uk/chembl/explore/compound/CHEMBL174
amprenavir,https://www.ebi.ac.uk/chembl/explore/compound/CHEMBL116
amsacrine,https://www.ebi.ac.uk/chembl/explore/compound/CHEMBL43
anagrelide,https://www.ebi.ac.uk/chembl/explore/compound/CHEMBL760
anastrozole,https://www.ebi.ac.uk/chembl/explore/compound/CHEMBL1399
apomorphine,https://www.ebi.ac.uk/chembl/explore/compound/CHEMBL53
apraclonidine,https://www.ebi.ac.uk/chembl/explore/compound/CHEMBL647
argatroban,https://www.ebi.ac.uk/chembl/explore/compound/CHEMBL1166
aspirin,https://www.ebi.ac.uk/chembl/explore/compound/CHEMBL25
atenolol,https://www.ebi.ac.uk/chembl/explore/compound/CHEMBL24
atorvastatin,https://www.ebi.ac.uk/chembl/explore/compound/CHEMBL1487
azathioprine,https://www.ebi.ac.uk/chembl/explore/compound/CHEMBL1542
azelaic,https://www.ebi.ac.uk/chembl/explore/compound/CHEMBL495390
azelastine,https://www.ebi.ac.uk/chembl/explore/compound/CHEMBL639
azithromycin,https://www.ebi.ac.uk/chembl/explore/compound/CHEMBL529
aztreonam,https://www.ebi.ac.uk/chembl/explore/compound/CHEMBL158
baclofen,https://www.ebi.ac.uk/chembl/explore/compound/CHEMBL701
beclomethasone,https://www.ebi.ac.uk/chembl/explore/compound/CHEMBL1586
benazepril,https://www.ebi.ac.uk/chembl/explore/compound/CHEMBL838
bendrofluazide,https://www.ebi.ac.uk/chembl/explore/compound/CHEMBL1684
benzocaine,https://www.ebi.ac.uk/chembl/explore/compound/CHEMBL278172
benztropine,https://www.ebi.ac.uk/chembl/explore/compound/CHEMBL1201203
penicillin,https://www.ebi.ac.uk/chembl/explore/compound/CHEMBL29
bepotastine,https://www.ebi.ac.uk/chembl/explore/compound/CHEMBL1201758
bepridil,https://www.ebi.ac.uk/chembl/explore/compound/CHEMBL1008
betahistine,https://www.ebi.ac.uk/chembl/explore/compound/CHEMBL24441
dexamethasone,https://www.ebi.ac.uk/chembl/explore/compound/CHEMBL384467
betaxolol,https://www.ebi.ac.uk/chembl/explore/compound/CHEMBL423
bethanechol,https://www.ebi.ac.uk/chembl/explore/compound/CHEMBL1482
bicalutamide,https://www.ebi.ac.uk/chembl/explore/compound/CHEMBL409
bisacodyl,https://www.ebi.ac.uk/chembl/explore/compound/CHEMBL942
bisoprolol,https://www.ebi.ac.uk/chembl/explore/compound/CHEMBL645
bretylium,https://www.ebi.ac.uk/chembl/explore/compound/CHEMBL1199080
brimonidine,https://www.ebi.ac.uk/chembl/explore/compound/CHEMBL844
bromazepam,https://www.ebi.ac.uk/chembl/explore/compound/CHEMBL277062
bromhexine,https://www.ebi.ac.uk/chembl/explore/compound/CHEMBL253376
bromocriptine,https://www.ebi.ac.uk/chembl/explore/compound/CHEMBL493
budesonide,https://www.ebi.ac.uk/chembl/explore/compound/CHEMBL1370
bumetanide,https://www.ebi.ac.uk/chembl/explore/compound/CHEMBL1072
bupivacaine,https://www.ebi.ac.uk/chembl/explore/compound/CHEMBL1098
buprenorphine,https://www.ebi.ac.uk/chembl/explore/compound/CHEMBL511142
buspirone,https://www.ebi.ac.uk/chembl/explore/compound/CHEMBL49
busulfan,https://www.ebi.ac.uk/chembl/explore/compound/CHEMBL820
butabarbital,https://www.ebi.ac.uk/chembl/explore/compound/CHEMBL449
butorphanol,https://www.ebi.ac.uk/chembl/explore/compound/CHEMBL33986
cabergoline,https://www.ebi.ac.uk/chembl/explore/compound/CHEMBL1201087
caffeine,https://www.ebi.ac.uk/chembl/explore/compound/CHEMBL113
verapamil,https://www.ebi.ac.uk/chembl/explore/compound/CHEMBL6966
calcipotriol,https://www.ebi.ac.uk/chembl/explore/compound/CHEMBL1200666
"1,25(OH)2D3",https://www.ebi.ac.uk/chembl/explore/compound/CHEMBL4099875
candesartan,https://www.ebi.ac.uk/chembl/explore/compound/CHEMBL1016
capreomycin,https://www.ebi.ac.uk/chembl/explore/compound/CHEMBL2221250
capsaicin,https://www.ebi.ac.uk/chembl/explore/compound/CHEMBL294199
captopril,https://www.ebi.ac.uk/chembl/explore/compound/CHEMBL1560
carbachol,https://www.ebi.ac.uk/chembl/explore/compound/CHEMBL14
carbamazepine,https://www.ebi.ac.uk/chembl/explore/compound/CHEMBL108
carbenicillin,https://www.ebi.ac.uk/chembl/explore/compound/CHEMBL1214
carbidopa,https://www.ebi.ac.uk/chembl/explore/compound/CHEMBL1200748
carbinoxamine,https://www.ebi.ac.uk/chembl/explore/compound/CHEMBL864
carisoprodol,https://www.ebi.ac.uk/chembl/explore/compound/CHEMBL1233
BCNU,https://www.ebi.ac.uk/chembl/explore/compound/CHEMBL513
carteolol,https://www.ebi.ac.uk/chembl/explore/compound/CHEMBL839
carvedilol,https://www.ebi.ac.uk/chembl/explore/compound/CHEMBL723
cefaclor,https://www.ebi.ac.uk/chembl/explore/compound/CHEMBL1201018
cefadroxil,https://www.ebi.ac.uk/chembl/explore/compound/CHEMBL1644
cefazolin,https://www.ebi.ac.uk/chembl/explore/compound/CHEMBL1435
cefepime,https://www.ebi.ac.uk/chembl/explore/compound/CHEMBL186
cefotaxime,https://www.ebi.ac.uk/chembl/explore/compound/CHEMBL1730
cefoxitin,https://www.ebi.ac.uk/chembl/explore/compound/CHEMBL996
cefprozil,https://www.ebi.ac.uk/chembl/explore/compound/CHEMBL3301800
ceftazidime,https://www.ebi.ac.uk/chembl/explore/compound/CHEMBL44354
cephem,https://www.ebi.ac.uk/chembl/explore/compound/CHEMBL1605
ceftizoxime,https://www.ebi.ac.uk/chembl/explore/compound/CHEMBL528
ceftriaxone,https://www.ebi.ac.uk/chembl/explore/compound/CHEMBL161
cefuroxime,https://www.ebi.ac.uk/chembl/explore/compound/CHEMBL1436
celecoxib,https://www.ebi.ac.uk/chembl/explore/compound/CHEMBL118
celiprolol,https://www.ebi.ac.uk/chembl/explore/compound/CHEMBL27810
cephalexin,https://www.ebi.ac.uk/chembl/explore/compound/CHEMBL1727
cefixime,https://www.ebi.ac.uk/chembl/explore/compound/CHEMBL1541
cerivastatin,https://www.ebi.ac.uk/chembl/explore/compound/CHEMBL1477
cetirizine,https://www.ebi.ac.uk/chembl/explore/compound/CHEMBL1000
cevimeline,https://www.ebi.ac.uk/chembl/explore/compound/CHEMBL168815
chlorambucil,https://www.ebi.ac.uk/chembl/explore/compound/CHEMBL515
chlorhexidine,https://www.ebi.ac.uk/chembl/explore/compound/CHEMBL790
chloroquine,https://www.ebi.ac.uk/chembl/explore/compound/CHEMBL76
thiazide,https://www.ebi.ac.uk/chembl/explore/compound/CHEMBL268353
chlorpheniramine,https://www.ebi.ac.uk/chembl/explore/compound/CHEMBL505
chlorpromazine,https://www.ebi.ac.uk/chembl/explore/compound/CHEMBL71
chlorpropamide,https://www.ebi.ac.uk/chembl/explore/compound/CHEMBL498
chlorthalidone,https://www.ebi.ac.uk/chembl/explore/compound/CHEMBL255014
chlorzoxazone,https://www.ebi.ac.uk/chembl/explore/compound/CHEMBL1371
ciclopirox,https://www.ebi.ac.uk/chembl/explore/compound/CHEMBL1413
cilazapril,https://www.ebi.ac.uk/chembl/explore/compound/CHEMBL515606
cilostazol,https://www.ebi.ac.uk/chembl/explore/compound/CHEMBL799
cimetidine,https://www.ebi.ac.uk/chembl/explore/compound/CHEMBL30
ciprofloxacin,https://www.ebi.ac.uk/chembl/explore/compound/CHEMBL8
cisplatin,https://www.ebi.ac.uk/chembl/explore/compound/CHEMBL11359
citalopram,https://www.ebi.ac.uk/chembl/explore/compound/CHEMBL399730
clemastine,https://www.ebi.ac.uk/chembl/explore/compound/CHEMBL1626
clindamycin,https://www.ebi.ac.uk/chembl/explore/compound/CHEMBL1753
clobazam,https://www.ebi.ac.uk/chembl/explore/compound/CHEMBL70418
clobetasol,https://www.ebi.ac.uk/chembl/explore/compound/CHEMBL1201362
clobetasone,https://www.ebi.ac.uk/chembl/explore/compound/CHEMBL1201362
clofazimine,https://www.ebi.ac.uk/chembl/explore/compound/CHEMBL1292
clomiphene,https://www.ebi.ac.uk/chembl/explore/compound/CHEMBL2355051
clomipramine,https://www.ebi.ac.uk/chembl/explore/compound/CHEMBL415
clonazepam,https://www.ebi.ac.uk/chembl/explore/compound/CHEMBL452
clonidine,https://www.ebi.ac.uk/chembl/explore/compound/CHEMBL134
clopidogrel,https://www.ebi.ac.uk/chembl/explore/compound/CHEMBL1771
clorazepate,https://www.ebi.ac.uk/chembl/explore/compound/CHEMBL1213252
clotrimazole,https://www.ebi.ac.uk/chembl/explore/compound/CHEMBL104
clozapine,https://www.ebi.ac.uk/chembl/explore/compound/CHEMBL42
codeine,https://www.ebi.ac.uk/chembl/explore/compound/CHEMBL485
colchicine,https://www.ebi.ac.uk/chembl/explore/compound/CHEMBL107
cyanocobalamin,https://www.ebi.ac.uk/chembl/explore/compound/CHEMBL2110563
cyclobenzaprine,https://www.ebi.ac.uk/chembl/explore/compound/CHEMBL669
cyclopentolate,https://www.ebi.ac.uk/chembl/explore/compound/CHEMBL1201338
cyclophosphamide,https://www.ebi.ac.uk/chembl/explore/compound/CHEMBL88
v,https://www.ebi.ac.uk/chembl/explore/compound/CHEMBL3099594
cyproheptadine,https://www.ebi.ac.uk/chembl/explore/compound/CHEMBL516
cyproterone,https://www.ebi.ac.uk/chembl/explore/compound/CHEMBL142130
danazol,https://www.ebi.ac.uk/chembl/explore/compound/CHEMBL1479
dantrolene,https://www.ebi.ac.uk/chembl/explore/compound/CHEMBL928
dapsone,https://www.ebi.ac.uk/chembl/explore/compound/CHEMBL1043
anthracycline,⚠️ No compound links found.
deferiprone,https://www.ebi.ac.uk/chembl/explore/compound/CHEMBL70927
deferoxamine,https://www.ebi.ac.uk/chembl/explore/compound/CHEMBL556
delta,https://www.ebi.ac.uk/chembl/explore/compound/CHEMBL1084620
desipramine,https://www.ebi.ac.uk/chembl/explore/compound/CHEMBL72
desoximetasone,https://www.ebi.ac.uk/chembl/explore/compound/CHEMBL1766
amphetamine,https://www.ebi.ac.uk/chembl/explore/compound/CHEMBL405
dextromethorphan,https://www.ebi.ac.uk/chembl/explore/compound/CHEMBL52440
DFMO,https://www.ebi.ac.uk/chembl/explore/compound/CHEMBL830
diazepam,https://www.ebi.ac.uk/chembl/explore/compound/CHEMBL12
diazoxide,https://www.ebi.ac.uk/chembl/explore/compound/CHEMBL181
diclofenac,https://www.ebi.ac.uk/chembl/explore/compound/CHEMBL139
dichlorphenamide,https://www.ebi.ac.uk/chembl/explore/compound/CHEMBL17
dicloxacillin,https://www.ebi.ac.uk/chembl/explore/compound/CHEMBL893
dicyclomine,https://www.ebi.ac.uk/chembl/explore/compound/CHEMBL1123
didanosine,https://www.ebi.ac.uk/chembl/explore/compound/CHEMBL1460
diethylenetriaminepentaacetic,⚠️ No compound links found.
diflorasone,https://www.ebi.ac.uk/chembl/explore/compound/CHEMBL1200545
diflunisal,https://www.ebi.ac.uk/chembl/explore/compound/CHEMBL898
epitopic,⚠️ No compound links found.
digoxin,https://www.ebi.ac.uk/chembl/explore/compound/CHEMBL1751
dihydrocodeine,https://www.ebi.ac.uk/chembl/explore/compound/CHEMBL1595
dihydroergotamine,https://www.ebi.ac.uk/chembl/explore/compound/CHEMBL1732
diltiazem,https://www.ebi.ac.uk/chembl/explore/compound/CHEMBL23
dimercaprol,https://www.ebi.ac.uk/chembl/explore/compound/CHEMBL1597
dipyridamole,https://www.ebi.ac.uk/chembl/explore/compound/CHEMBL932
disopyramide,https://www.ebi.ac.uk/chembl/explore/compound/CHEMBL8821
disulfiram,https://www.ebi.ac.uk/chembl/explore/compound/CHEMBL964
valproate,https://www.ebi.ac.uk/chembl/explore/compound/CHEMBL109
alpha-methyl-p-tyrosine,https://www.ebi.ac.uk/chembl/explore/compound/CHEMBL30713
docetaxel,https://www.ebi.ac.uk/chembl/explore/compound/CHEMBL3545252
dolasetron,https://www.ebi.ac.uk/chembl/explore/compound/CHEMBL2368925
domperidone,https://www.ebi.ac.uk/chembl/explore/compound/CHEMBL219916
donepezil,https://www.ebi.ac.uk/chembl/explore/compound/CHEMBL502
dorzolamide,https://www.ebi.ac.uk/chembl/explore/compound/CHEMBL218490
dothiepin,https://www.ebi.ac.uk/chembl/explore/compound/CHEMBL108947
doxapram,https://www.ebi.ac.uk/chembl/explore/compound/CHEMBL1754
doxazosin,https://www.ebi.ac.uk/chembl/explore/compound/CHEMBL707
doxepin,https://www.ebi.ac.uk/chembl/explore/compound/CHEMBL1628227
droperidol,https://www.ebi.ac.uk/chembl/explore/compound/CHEMBL1108
L-threo-DOPS,https://www.ebi.ac.uk/chembl/explore/compound/CHEMBL2103827
dyphylline,https://www.ebi.ac.uk/chembl/explore/compound/CHEMBL1752
econazole,https://www.ebi.ac.uk/chembl/explore/compound/CHEMBL808
trabectedin,https://www.ebi.ac.uk/chembl/explore/compound/CHEMBL450449
edrophonium,https://www.ebi.ac.uk/chembl/explore/compound/CHEMBL60745
efavirenz,https://www.ebi.ac.uk/chembl/explore/compound/CHEMBL223228
emedastine,https://www.ebi.ac.uk/chembl/explore/compound/CHEMBL594
CAS,https://www.ebi.ac.uk/chembl/explore/compound/CHEMBL1630575
enflurane,https://www.ebi.ac.uk/chembl/explore/compound/CHEMBL1257
epinastine,https://www.ebi.ac.uk/chembl/explore/compound/CHEMBL1106
vitamin,https://www.ebi.ac.uk/chembl/explore/compound/CHEMBL1356607
ergonovine,https://www.ebi.ac.uk/chembl/explore/compound/CHEMBL119443
ergotamine,https://www.ebi.ac.uk/chembl/explore/compound/CHEMBL442
erythromycin,https://www.ebi.ac.uk/chembl/explore/compound/CHEMBL532
monomycin,https://www.ebi.ac.uk/chembl/explore/compound/CHEMBL370143
estazolam,https://www.ebi.ac.uk/chembl/explore/compound/CHEMBL285674
estramustine,https://www.ebi.ac.uk/chembl/explore/compound/CHEMBL1575
estriol,https://www.ebi.ac.uk/chembl/explore/compound/CHEMBL193482
ethacrynic,https://www.ebi.ac.uk/chembl/explore/compound/CHEMBL1200487
ethambutol,https://www.ebi.ac.uk/chembl/explore/compound/CHEMBL44884
ethosuximide,https://www.ebi.ac.uk/chembl/explore/compound/CHEMBL696
ethotoin,https://www.ebi.ac.uk/chembl/explore/compound/CHEMBL1095
etidronate,⚠️ No compound links found.
etodolac,https://www.ebi.ac.uk/chembl/explore/compound/CHEMBL622
etoposide,https://www.ebi.ac.uk/chembl/explore/compound/CHEMBL44657
famciclovir,https://www.ebi.ac.uk/chembl/explore/compound/CHEMBL880
famotidine,https://www.ebi.ac.uk/chembl/explore/compound/CHEMBL902
felbamate,https://www.ebi.ac.uk/chembl/explore/compound/CHEMBL1094
felodipine,https://www.ebi.ac.uk/chembl/explore/compound/CHEMBL428768
fenofibrate,https://www.ebi.ac.uk/chembl/explore/compound/CHEMBL672
fenoldopam,https://www.ebi.ac.uk/chembl/explore/compound/CHEMBL588
fenoprofen,https://www.ebi.ac.uk/chembl/explore/compound/CHEMBL1297
fentanyl,https://www.ebi.ac.uk/chembl/explore/compound/CHEMBL596
fexofenadine,https://www.ebi.ac.uk/chembl/explore/compound/CHEMBL914
finasteride,https://www.ebi.ac.uk/chembl/explore/compound/CHEMBL710
flavoxate,⚠️ No compound links found.
flecainide,https://www.ebi.ac.uk/chembl/explore/compound/CHEMBL652
FdUrd,https://www.ebi.ac.uk/chembl/explore/compound/CHEMBL917
flucloxacillin,https://www.ebi.ac.uk/chembl/explore/compound/CHEMBL222645
fluconazole,https://www.ebi.ac.uk/chembl/explore/compound/CHEMBL106
5-fluorocytosine,https://www.ebi.ac.uk/chembl/explore/compound/CHEMBL1463
fludarabine,https://www.ebi.ac.uk/chembl/explore/compound/CHEMBL1568
FAMP,https://www.ebi.ac.uk/chembl/explore/compound/CHEMBL316966
fludrocortisone,https://www.ebi.ac.uk/chembl/explore/compound/CHEMBL1201388
fluphenazine,https://www.ebi.ac.uk/chembl/explore/compound/CHEMBL726
flumazenil,https://www.ebi.ac.uk/chembl/explore/compound/CHEMBL407
flumethasone,https://www.ebi.ac.uk/chembl/explore/compound/CHEMBL1201392
flunisolide,https://www.ebi.ac.uk/chembl/explore/compound/CHEMBL1512
flunitrazepam,https://www.ebi.ac.uk/chembl/explore/compound/CHEMBL13280
fluocinolone,https://www.ebi.ac.uk/chembl/explore/compound/CHEMBL1201390
fluocinonide,https://www.ebi.ac.uk/chembl/explore/compound/CHEMBL1501
fluorometholone,https://www.ebi.ac.uk/chembl/explore/compound/CHEMBL1200600
5-FU,https://www.ebi.ac.uk/chembl/explore/compound/CHEMBL185
fluoxetine,https://www.ebi.ac.uk/chembl/explore/compound/CHEMBL41
fluoxymesterone,https://www.ebi.ac.uk/chembl/explore/compound/CHEMBL1445
flurandrenolone,https://www.ebi.ac.uk/chembl/explore/compound/CHEMBL1201012
flurazepam,https://www.ebi.ac.uk/chembl/explore/compound/CHEMBL968
flurbiprofen,https://www.ebi.ac.uk/chembl/explore/compound/CHEMBL563
flutamide,https://www.ebi.ac.uk/chembl/explore/compound/CHEMBL806
fluticasone,https://www.ebi.ac.uk/chembl/explore/compound/CHEMBL1201396
fluvastatin,https://www.ebi.ac.uk/chembl/explore/compound/CHEMBL2220442
fluvoxamine,https://www.ebi.ac.uk/chembl/explore/compound/CHEMBL814
folate,https://www.ebi.ac.uk/chembl/explore/compound/CHEMBL1622
4-methylpyrazole,https://www.ebi.ac.uk/chembl/explore/compound/CHEMBL1308
formoterol,https://www.ebi.ac.uk/chembl/explore/compound/CHEMBL1256786
foscarnet,https://www.ebi.ac.uk/chembl/explore/compound/CHEMBL666
fosfomycin,https://www.ebi.ac.uk/chembl/explore/compound/CHEMBL1757
fosinopril,https://www.ebi.ac.uk/chembl/explore/compound/CHEMBL3039598
Romidepsin,https://www.ebi.ac.uk/chembl/explore/compound/CHEMBL343448
furosemide,https://www.ebi.ac.uk/chembl/explore/compound/CHEMBL1788133
fusidic,https://www.ebi.ac.uk/chembl/explore/compound/CHEMBL374975
gabapentin,https://www.ebi.ac.uk/chembl/explore/compound/CHEMBL940
galantamine,https://www.ebi.ac.uk/chembl/explore/compound/CHEMBL659
ganciclovir,https://www.ebi.ac.uk/chembl/explore/compound/CHEMBL182
gemcitabine,https://www.ebi.ac.uk/chembl/explore/compound/CHEMBL888
gemfibrozil,https://www.ebi.ac.uk/chembl/explore/compound/CHEMBL457
gentamicin,https://www.ebi.ac.uk/chembl/explore/compound/CHEMBL3039597
gliclazide,https://www.ebi.ac.uk/chembl/explore/compound/CHEMBL427216
glimepiride,https://www.ebi.ac.uk/chembl/explore/compound/CHEMBL1481
glipizide,https://www.ebi.ac.uk/chembl/explore/compound/CHEMBL1073
glibenclamide,https://www.ebi.ac.uk/chembl/explore/compound/CHEMBL472
glycopyrrolate,https://www.ebi.ac.uk/chembl/explore/compound/CHEMBL1201027
granisetron,https://www.ebi.ac.uk/chembl/explore/compound/CHEMBL289469
icodextrin,https://www.ebi.ac.uk/chembl/explore/compound/CHEMBL1201472
guanfacine,https://www.ebi.ac.uk/chembl/explore/compound/CHEMBL862
guanidinium,https://www.ebi.ac.uk/chembl/explore/compound/CHEMBL821
halcinonide,https://www.ebi.ac.uk/chembl/explore/compound/CHEMBL1200845
haloperidol,https://www.ebi.ac.uk/chembl/explore/compound/CHEMBL54
homatropine,https://www.ebi.ac.uk/chembl/explore/compound/CHEMBL1618018
Buscopan,https://www.ebi.ac.uk/chembl/explore/compound/CHEMBL569713
hydralazine,https://www.ebi.ac.uk/chembl/explore/compound/CHEMBL276832
hydrochlorothiazide,https://www.ebi.ac.uk/chembl/explore/compound/CHEMBL435
cortisol,https://www.ebi.ac.uk/chembl/explore/compound/CHEMBL389621
hydrocortisone,https://www.ebi.ac.uk/chembl/explore/compound/CHEMBL389621
hydroflumethiazide,https://www.ebi.ac.uk/chembl/explore/compound/CHEMBL1763
hydromorphone,https://www.ebi.ac.uk/chembl/explore/compound/CHEMBL398707
hydroxychloroquine,https://www.ebi.ac.uk/chembl/explore/compound/CHEMBL1535
hydroxyurea,https://www.ebi.ac.uk/chembl/explore/compound/CHEMBL467
atropine,https://www.ebi.ac.uk/chembl/explore/compound/CHEMBL517712
ibuprofen,https://www.ebi.ac.uk/chembl/explore/compound/CHEMBL521
phenelzine,https://www.ebi.ac.uk/chembl/explore/compound/CHEMBL1089
lidocaine,https://www.ebi.ac.uk/chembl/explore/compound/CHEMBL79
idarubicin,https://www.ebi.ac.uk/chembl/explore/compound/CHEMBL1117
IdUrd,https://www.ebi.ac.uk/chembl/explore/compound/CHEMBL788
ifosfamide,https://www.ebi.ac.uk/chembl/explore/compound/CHEMBL1024
imipramine,https://www.ebi.ac.uk/chembl/explore/compound/CHEMBL11
indapamide,https://www.ebi.ac.uk/chembl/explore/compound/CHEMBL406
indinavir,https://www.ebi.ac.uk/chembl/explore/compound/CHEMBL5483011
indomethacin,https://www.ebi.ac.uk/chembl/explore/compound/CHEMBL6
iodixanol,https://www.ebi.ac.uk/chembl/explore/compound/CHEMBL1200507
iohexol,https://www.ebi.ac.uk/chembl/explore/compound/CHEMBL1200455
iopamidol,https://www.ebi.ac.uk/chembl/explore/compound/CHEMBL1200932
iopromide,https://www.ebi.ac.uk/chembl/explore/compound/CHEMBL1725
iotrolan,https://www.ebi.ac.uk/chembl/explore/compound/CHEMBL1200555
ioversol,https://www.ebi.ac.uk/chembl/explore/compound/CHEMBL1200614
ioxaglate,https://www.ebi.ac.uk/chembl/explore/compound/CHEMBL1200743
ioxilan,https://www.ebi.ac.uk/chembl/explore/compound/CHEMBL1201075
ipratropium,https://www.ebi.ac.uk/chembl/explore/compound/CHEMBL3085123
irbesartan,https://www.ebi.ac.uk/chembl/explore/compound/CHEMBL1513
irinotecan,https://www.ebi.ac.uk/chembl/explore/compound/CHEMBL481
isocarboxazid,https://www.ebi.ac.uk/chembl/explore/compound/CHEMBL1201168
isoflurane,https://www.ebi.ac.uk/chembl/explore/compound/CHEMBL1256
isopropyl,https://www.ebi.ac.uk/chembl/explore/compound/CHEMBL79361
isosorbide,https://www.ebi.ac.uk/chembl/explore/compound/CHEMBL1200660
isoxsuprine,https://www.ebi.ac.uk/chembl/explore/compound/CHEMBL1197051
isradipine,https://www.ebi.ac.uk/chembl/explore/compound/CHEMBL1648
itraconazole,https://www.ebi.ac.uk/chembl/explore/compound/CHEMBL64391
ketamine,https://www.ebi.ac.uk/chembl/explore/compound/CHEMBL742
ketoconazole,https://www.ebi.ac.uk/chembl/explore/compound/CHEMBL157101
ketoprofen,https://www.ebi.ac.uk/chembl/explore/compound/CHEMBL571
ketorolac,https://www.ebi.ac.uk/chembl/explore/compound/CHEMBL469
ketotifen,https://www.ebi.ac.uk/chembl/explore/compound/CHEMBL534
cytokinin,⚠️ No compound links found.
phenyllactate,https://www.ebi.ac.uk/chembl/explore/compound/CHEMBL1044
labetalol,https://www.ebi.ac.uk/chembl/explore/compound/CHEMBL429
lamivudine,https://www.ebi.ac.uk/chembl/explore/compound/CHEMBL141
lamotrigine,https://www.ebi.ac.uk/chembl/explore/compound/CHEMBL741
lansoprazole,https://www.ebi.ac.uk/chembl/explore/compound/CHEMBL480
latanoprost,https://www.ebi.ac.uk/chembl/explore/compound/CHEMBL1051
leflunomide,https://www.ebi.ac.uk/chembl/explore/compound/CHEMBL960
letrozole,https://www.ebi.ac.uk/chembl/explore/compound/CHEMBL1444
Leuprorelin,https://www.ebi.ac.uk/chembl/explore/compound/CHEMBL1200775
levobunolol,https://www.ebi.ac.uk/chembl/explore/compound/CHEMBL1201237
levocabastine,https://www.ebi.ac.uk/chembl/explore/compound/CHEMBL1615438
levomepromazine,https://www.ebi.ac.uk/chembl/explore/compound/CHEMBL1764
dextrorphan,https://www.ebi.ac.uk/chembl/explore/compound/CHEMBL1254766
lincomycin,https://www.ebi.ac.uk/chembl/explore/compound/CHEMBL1447
linezolid,https://www.ebi.ac.uk/chembl/explore/compound/CHEMBL126
Lisinopril,https://www.ebi.ac.uk/chembl/explore/compound/CHEMBL1237
lisuride,https://www.ebi.ac.uk/chembl/explore/compound/CHEMBL157138
LiOH,https://www.ebi.ac.uk/chembl/explore/compound/CHEMBL510176
lomefloxacin,https://www.ebi.ac.uk/chembl/explore/compound/CHEMBL561
lomustine,https://www.ebi.ac.uk/chembl/explore/compound/CHEMBL514
loperamide,https://www.ebi.ac.uk/chembl/explore/compound/CHEMBL841
loratadine,https://www.ebi.ac.uk/chembl/explore/compound/CHEMBL998
lorazepam,https://www.ebi.ac.uk/chembl/explore/compound/CHEMBL580
losartan,https://www.ebi.ac.uk/chembl/explore/compound/CHEMBL191
lovastatin,https://www.ebi.ac.uk/chembl/explore/compound/CHEMBL503
loxapine,https://www.ebi.ac.uk/chembl/explore/compound/CHEMBL831
mafenide,https://www.ebi.ac.uk/chembl/explore/compound/CHEMBL419
malathion,https://www.ebi.ac.uk/chembl/explore/compound/CHEMBL1200468
maprotiline,https://www.ebi.ac.uk/chembl/explore/compound/CHEMBL21731
mebeverine,https://www.ebi.ac.uk/chembl/explore/compound/CHEMBL282121
mecamylamine,https://www.ebi.ac.uk/chembl/explore/compound/CHEMBL267936
nitrogen,https://www.ebi.ac.uk/chembl/explore/compound/CHEMBL142438
meclofenamate,https://www.ebi.ac.uk/chembl/explore/compound/CHEMBL509
medroxyprogesterone,https://www.ebi.ac.uk/chembl/explore/compound/CHEMBL1390
medrysone,https://www.ebi.ac.uk/chembl/explore/compound/CHEMBL1201173
mefenamic,https://www.ebi.ac.uk/chembl/explore/compound/CHEMBL686
mefloquine,https://www.ebi.ac.uk/chembl/explore/compound/CHEMBL416956
megestrol,https://www.ebi.ac.uk/chembl/explore/compound/CHEMBL4071215
meloxicam,https://www.ebi.ac.uk/chembl/explore/compound/CHEMBL599
melphalan,https://www.ebi.ac.uk/chembl/explore/compound/CHEMBL250892
memantine,https://www.ebi.ac.uk/chembl/explore/compound/CHEMBL807
Cantril,https://www.ebi.ac.uk/chembl/explore/compound/CHEMBL2218908
meperidine,https://www.ebi.ac.uk/chembl/explore/compound/CHEMBL607
mephenytoin,https://www.ebi.ac.uk/chembl/explore/compound/CHEMBL861
mepivacaine,https://www.ebi.ac.uk/chembl/explore/compound/CHEMBL1087
meprobamate,https://www.ebi.ac.uk/chembl/explore/compound/CHEMBL979
5-ASA,https://www.ebi.ac.uk/chembl/explore/compound/CHEMBL704
metaproterenol,https://www.ebi.ac.uk/chembl/explore/compound/CHEMBL776
metformin,https://www.ebi.ac.uk/chembl/explore/compound/CHEMBL1431
methadone,https://www.ebi.ac.uk/chembl/explore/compound/CHEMBL651
methenamine,https://www.ebi.ac.uk/chembl/explore/compound/CHEMBL1201270
methotrexate,https://www.ebi.ac.uk/chembl/explore/compound/CHEMBL34259
8-MOP,https://www.ebi.ac.uk/chembl/explore/compound/CHEMBL416
N-methylscopolamine,https://www.ebi.ac.uk/chembl/explore/compound/CHEMBL376897
methyclothiazide,https://www.ebi.ac.uk/chembl/explore/compound/CHEMBL1577
methyldopa,https://www.ebi.ac.uk/chembl/explore/compound/CHEMBL459
methylene,https://www.ebi.ac.uk/chembl/explore/compound/CHEMBL1201342
methylergometrine,https://www.ebi.ac.uk/chembl/explore/compound/CHEMBL1201356
methylphenidate,https://www.ebi.ac.uk/chembl/explore/compound/CHEMBL796
methyltestosterone,https://www.ebi.ac.uk/chembl/explore/compound/CHEMBL1395
methysergide,https://www.ebi.ac.uk/chembl/explore/compound/CHEMBL485253
metoclopramide,https://www.ebi.ac.uk/chembl/explore/compound/CHEMBL86
metolazone,https://www.ebi.ac.uk/chembl/explore/compound/CHEMBL878
metoprolol,https://www.ebi.ac.uk/chembl/explore/compound/CHEMBL13
metronidazole,https://www.ebi.ac.uk/chembl/explore/compound/CHEMBL137
mexiletine,https://www.ebi.ac.uk/chembl/explore/compound/CHEMBL147507
mianserin,https://www.ebi.ac.uk/chembl/explore/compound/CHEMBL6437
miconazole,https://www.ebi.ac.uk/chembl/explore/compound/CHEMBL91
midazolam,https://www.ebi.ac.uk/chembl/explore/compound/CHEMBL655
midodrine,https://www.ebi.ac.uk/chembl/explore/compound/CHEMBL255027
mifepristone,https://www.ebi.ac.uk/chembl/explore/compound/CHEMBL1276308
milrinone,https://www.ebi.ac.uk/chembl/explore/compound/CHEMBL189
minoxidil,https://www.ebi.ac.uk/chembl/explore/compound/CHEMBL802
mirtazapine,https://www.ebi.ac.uk/chembl/explore/compound/CHEMBL654
mitotane,https://www.ebi.ac.uk/chembl/explore/compound/CHEMBL1670
mitoxantrone,https://www.ebi.ac.uk/chembl/explore/compound/CHEMBL58
moclobemide,https://www.ebi.ac.uk/chembl/explore/compound/CHEMBL86304
modafinil,https://www.ebi.ac.uk/chembl/explore/compound/CHEMBL1373
mometasone,https://www.ebi.ac.uk/chembl/explore/compound/CHEMBL1201404
montelukast,https://www.ebi.ac.uk/chembl/explore/compound/CHEMBL787
morphine,https://www.ebi.ac.uk/chembl/explore/compound/CHEMBL70
moxifloxacin,https://www.ebi.ac.uk/chembl/explore/compound/CHEMBL32
mupirocin,https://www.ebi.ac.uk/chembl/explore/compound/CHEMBL719
mycophenolate,https://www.ebi.ac.uk/chembl/explore/compound/CHEMBL866
mycophenolic,https://www.ebi.ac.uk/chembl/explore/compound/CHEMBL1456
tetrofosmin,https://www.ebi.ac.uk/chembl/explore/compound/CHEMBL1615784
nabumetone,https://www.ebi.ac.uk/chembl/explore/compound/CHEMBL1070
nadolol,https://www.ebi.ac.uk/chembl/explore/compound/CHEMBL521606
nalbuphine,https://www.ebi.ac.uk/chembl/explore/compound/CHEMBL895
nalidixic,https://www.ebi.ac.uk/chembl/explore/compound/CHEMBL5
nalmefene,https://www.ebi.ac.uk/chembl/explore/compound/CHEMBL982
naloxone,https://www.ebi.ac.uk/chembl/explore/compound/CHEMBL80
naltrexone,https://www.ebi.ac.uk/chembl/explore/compound/CHEMBL19019
nandrolone,https://www.ebi.ac.uk/chembl/explore/compound/CHEMBL757
naphazoline,https://www.ebi.ac.uk/chembl/explore/compound/CHEMBL761
naratriptan,https://www.ebi.ac.uk/chembl/explore/compound/CHEMBL1278
nateglinide,https://www.ebi.ac.uk/chembl/explore/compound/CHEMBL783
nefazodone,https://www.ebi.ac.uk/chembl/explore/compound/CHEMBL623
nelfinavir,https://www.ebi.ac.uk/chembl/explore/compound/CHEMBL584
neomycin,https://www.ebi.ac.uk/chembl/explore/compound/CHEMBL184618
neostigmine,https://www.ebi.ac.uk/chembl/explore/compound/CHEMBL54126
nevirapine,https://www.ebi.ac.uk/chembl/explore/compound/CHEMBL57
nicardipine,https://www.ebi.ac.uk/chembl/explore/compound/CHEMBL1484
nifedipine,https://www.ebi.ac.uk/chembl/explore/compound/CHEMBL193
nilutamide,https://www.ebi.ac.uk/chembl/explore/compound/CHEMBL1274
nimodipine,https://www.ebi.ac.uk/chembl/explore/compound/CHEMBL255033
nisoldipine,https://www.ebi.ac.uk/chembl/explore/compound/CHEMBL1726
nitrazepam,https://www.ebi.ac.uk/chembl/explore/compound/CHEMBL13209
nitrofurantoin,https://www.ebi.ac.uk/chembl/explore/compound/CHEMBL572
nitroglycerin,https://www.ebi.ac.uk/chembl/explore/compound/CHEMBL730
nizatidine,https://www.ebi.ac.uk/chembl/explore/compound/CHEMBL3183075
norethisterone,https://www.ebi.ac.uk/chembl/explore/compound/CHEMBL1162
norfloxacin,https://www.ebi.ac.uk/chembl/explore/compound/CHEMBL9
levonorgestrel,https://www.ebi.ac.uk/chembl/explore/compound/CHEMBL1389
nortriptyline,https://www.ebi.ac.uk/chembl/explore/compound/CHEMBL445
repaglinide,https://www.ebi.ac.uk/chembl/explore/compound/CHEMBL1272
nystatin,https://www.ebi.ac.uk/chembl/explore/compound/CHEMBL5465559
ofloxacin,https://www.ebi.ac.uk/chembl/explore/compound/CHEMBL4
olanzapine,https://www.ebi.ac.uk/chembl/explore/compound/CHEMBL715
omeprazole,https://www.ebi.ac.uk/chembl/explore/compound/CHEMBL1503
ondansetron,https://www.ebi.ac.uk/chembl/explore/compound/CHEMBL46
orlistat,https://www.ebi.ac.uk/chembl/explore/compound/CHEMBL175247
orphenadrine,https://www.ebi.ac.uk/chembl/explore/compound/CHEMBL900
oseltamivir,https://www.ebi.ac.uk/chembl/explore/compound/CHEMBL1229
oxacillin,https://www.ebi.ac.uk/chembl/explore/compound/CHEMBL819
oxaliplatin,https://www.ebi.ac.uk/chembl/explore/compound/CHEMBL414804
oxaprozin,https://www.ebi.ac.uk/chembl/explore/compound/CHEMBL1071
oxazepam,https://www.ebi.ac.uk/chembl/explore/compound/CHEMBL568
oxiconazole,https://www.ebi.ac.uk/chembl/explore/compound/CHEMBL1262
oxprenolol,https://www.ebi.ac.uk/chembl/explore/compound/CHEMBL546
oxybutynin,https://www.ebi.ac.uk/chembl/explore/compound/CHEMBL1231
oxycodone,https://www.ebi.ac.uk/chembl/explore/compound/CHEMBL656
oxymetholone,https://www.ebi.ac.uk/chembl/explore/compound/CHEMBL1200585
oxymorphone,https://www.ebi.ac.uk/chembl/explore/compound/CHEMBL963
APAs,https://www.ebi.ac.uk/chembl/explore/compound/CHEMBL112
paclitaxel,https://www.ebi.ac.uk/chembl/explore/compound/CHEMBL428647
pamidronate,https://www.ebi.ac.uk/chembl/explore/compound/CHEMBL834
pancuronium,https://www.ebi.ac.uk/chembl/explore/compound/CHEMBL185073
pantoprazole,https://www.ebi.ac.uk/chembl/explore/compound/CHEMBL1502
paroxetine,https://www.ebi.ac.uk/chembl/explore/compound/CHEMBL490
isosulfan,https://www.ebi.ac.uk/chembl/explore/compound/CHEMBL472696
penbutolol,https://www.ebi.ac.uk/chembl/explore/compound/CHEMBL1290
penciclovir,https://www.ebi.ac.uk/chembl/explore/compound/CHEMBL1540
D-penicillamine,https://www.ebi.ac.uk/chembl/explore/compound/CHEMBL1430
pentamidine,https://www.ebi.ac.uk/chembl/explore/compound/CHEMBL55
pentazocine,https://www.ebi.ac.uk/chembl/explore/compound/CHEMBL60542
pentobarbital,https://www.ebi.ac.uk/chembl/explore/compound/CHEMBL448
pentostatin,https://www.ebi.ac.uk/chembl/explore/compound/CHEMBL1580
pentoxifylline,https://www.ebi.ac.uk/chembl/explore/compound/CHEMBL628
pergolide,https://www.ebi.ac.uk/chembl/explore/compound/CHEMBL531
perhexiline,https://www.ebi.ac.uk/chembl/explore/compound/CHEMBL75880
propericiazine,https://www.ebi.ac.uk/chembl/explore/compound/CHEMBL251940
perphenazine,https://www.ebi.ac.uk/chembl/explore/compound/CHEMBL567
phenylazo,https://www.ebi.ac.uk/chembl/explore/compound/CHEMBL83761
phenobarbital,https://www.ebi.ac.uk/chembl/explore/compound/CHEMBL40
phentermine,https://www.ebi.ac.uk/chembl/explore/compound/CHEMBL1574
4-PBA,https://www.ebi.ac.uk/chembl/explore/compound/CHEMBL107057
phenylephrine,https://www.ebi.ac.uk/chembl/explore/compound/CHEMBL1215
phenylpropanolamine,https://www.ebi.ac.uk/chembl/explore/compound/CHEMBL61006
pilocarpine,https://www.ebi.ac.uk/chembl/explore/compound/CHEMBL550
pindolol,https://www.ebi.ac.uk/chembl/explore/compound/CHEMBL500
pioglitazone,https://www.ebi.ac.uk/chembl/explore/compound/CHEMBL595
piperacillin,https://www.ebi.ac.uk/chembl/explore/compound/CHEMBL702
pirbuterol,https://www.ebi.ac.uk/chembl/explore/compound/CHEMBL1094966
podophyllotoxin,https://www.ebi.ac.uk/chembl/explore/compound/CHEMBL61
polymyxin,https://www.ebi.ac.uk/chembl/explore/compound/CHEMBL5314354
polythiazide,https://www.ebi.ac.uk/chembl/explore/compound/CHEMBL1587
pramipexole,https://www.ebi.ac.uk/chembl/explore/compound/CHEMBL301265
pravastatin,https://www.ebi.ac.uk/chembl/explore/compound/CHEMBL1144
praziquantel,https://www.ebi.ac.uk/chembl/explore/compound/CHEMBL976
prazosin,https://www.ebi.ac.uk/chembl/explore/compound/CHEMBL2
prednisolone,https://www.ebi.ac.uk/chembl/explore/compound/CHEMBL131
prednisone,https://www.ebi.ac.uk/chembl/explore/compound/CHEMBL635
prilocaine,https://www.ebi.ac.uk/chembl/explore/compound/CHEMBL1194
primidone,https://www.ebi.ac.uk/chembl/explore/compound/CHEMBL856
probenecid,https://www.ebi.ac.uk/chembl/explore/compound/CHEMBL897
procainamide,https://www.ebi.ac.uk/chembl/explore/compound/CHEMBL640
procaine,https://www.ebi.ac.uk/chembl/explore/compound/CHEMBL569
procarbazine,⚠️ No compound links found.
prochlorperazine,https://www.ebi.ac.uk/chembl/explore/compound/CHEMBL728
progesterone,https://www.ebi.ac.uk/chembl/explore/compound/CHEMBL103
proguanil,https://www.ebi.ac.uk/chembl/explore/compound/CHEMBL1377
promethazine,https://www.ebi.ac.uk/chembl/explore/compound/CHEMBL251904
propafenone,https://www.ebi.ac.uk/chembl/explore/compound/CHEMBL631
propantheline,https://www.ebi.ac.uk/chembl/explore/compound/CHEMBL1180725
proparacaine,https://www.ebi.ac.uk/chembl/explore/compound/CHEMBL1196
propofol,⚠️ No compound links found.
propranolol,https://www.ebi.ac.uk/chembl/explore/compound/CHEMBL27
protriptyline,https://www.ebi.ac.uk/chembl/explore/compound/CHEMBL668
pyridostigmine,https://www.ebi.ac.uk/chembl/explore/compound/CHEMBL1115
pyrimethamine,https://www.ebi.ac.uk/chembl/explore/compound/CHEMBL36
quazepam,https://www.ebi.ac.uk/chembl/explore/compound/CHEMBL1200472
quetiapine,https://www.ebi.ac.uk/chembl/explore/compound/CHEMBL716
quinapril,https://www.ebi.ac.uk/chembl/explore/compound/CHEMBL1592
rabeprazole,https://www.ebi.ac.uk/chembl/explore/compound/CHEMBL1219
ephedrine,https://www.ebi.ac.uk/chembl/explore/compound/CHEMBL211456
raloxifene,https://www.ebi.ac.uk/chembl/explore/compound/CHEMBL81
ramipril,https://www.ebi.ac.uk/chembl/explore/compound/CHEMBL1168
ranitidine,https://www.ebi.ac.uk/chembl/explore/compound/CHEMBL1790041
rapamycin,https://www.ebi.ac.uk/chembl/explore/compound/CHEMBL413
rescinnamine,https://www.ebi.ac.uk/chembl/explore/compound/CHEMBL1668
reserpine,https://www.ebi.ac.uk/chembl/explore/compound/CHEMBL772
ribavirin,https://www.ebi.ac.uk/chembl/explore/compound/CHEMBL1643
riluzole,https://www.ebi.ac.uk/chembl/explore/compound/CHEMBL744
rimantadine,https://www.ebi.ac.uk/chembl/explore/compound/CHEMBL959
risperidone,https://www.ebi.ac.uk/chembl/explore/compound/CHEMBL85
ritonavir,https://www.ebi.ac.uk/chembl/explore/compound/CHEMBL163
rivastigmine,https://www.ebi.ac.uk/chembl/explore/compound/CHEMBL636
rizatriptan,https://www.ebi.ac.uk/chembl/explore/compound/CHEMBL905
rofecoxib,https://www.ebi.ac.uk/chembl/explore/compound/CHEMBL122
ropinirole,https://www.ebi.ac.uk/chembl/explore/compound/CHEMBL589
roxithromycin,https://www.ebi.ac.uk/chembl/explore/compound/CHEMBL1214185
salmeterol,https://www.ebi.ac.uk/chembl/explore/compound/CHEMBL1263
stavudine,https://www.ebi.ac.uk/chembl/explore/compound/CHEMBL991
salsalate,https://www.ebi.ac.uk/chembl/explore/compound/CHEMBL154111
scopolamine,https://www.ebi.ac.uk/chembl/explore/compound/CHEMBL569713
secobarbital,https://www.ebi.ac.uk/chembl/explore/compound/CHEMBL447
deprenyl,https://www.ebi.ac.uk/chembl/explore/compound/CHEMBL972
sertraline,https://www.ebi.ac.uk/chembl/explore/compound/CHEMBL809
sevoflurane,https://www.ebi.ac.uk/chembl/explore/compound/CHEMBL1200694
sibutramine,https://www.ebi.ac.uk/chembl/explore/compound/CHEMBL1419
sildenafil,https://www.ebi.ac.uk/chembl/explore/compound/CHEMBL192
silver,https://www.ebi.ac.uk/chembl/explore/compound/CHEMBL1230866
sulfadiazine,https://www.ebi.ac.uk/chembl/explore/compound/CHEMBL439
risedronate,https://www.ebi.ac.uk/chembl/explore/compound/CHEMBL923
sotalol,https://www.ebi.ac.uk/chembl/explore/compound/CHEMBL471
sparfloxacin,https://www.ebi.ac.uk/chembl/explore/compound/CHEMBL850
spironolactone,https://www.ebi.ac.uk/chembl/explore/compound/CHEMBL1393
imatinib,https://www.ebi.ac.uk/chembl/explore/compound/CHEMBL941
streptomycin,https://www.ebi.ac.uk/chembl/explore/compound/CHEMBL372795
streptozotocin,https://www.ebi.ac.uk/chembl/explore/compound/CHEMBL1651906
vorinostat,https://www.ebi.ac.uk/chembl/explore/compound/CHEMBL98
succinylcholine,https://www.ebi.ac.uk/chembl/explore/compound/CHEMBL703
sulconazole,https://www.ebi.ac.uk/chembl/explore/compound/CHEMBL1221
sulfacetamide,https://www.ebi.ac.uk/chembl/explore/compound/CHEMBL455
sulfamethoxazole,https://www.ebi.ac.uk/chembl/explore/compound/CHEMBL443
sulfonamide,https://www.ebi.ac.uk/chembl/explore/compound/CHEMBL355001
sulindac,https://www.ebi.ac.uk/chembl/explore/compound/CHEMBL15770
sumatriptan,https://www.ebi.ac.uk/chembl/explore/compound/CHEMBL128
suprofen,https://www.ebi.ac.uk/chembl/explore/compound/CHEMBL956
tacrolimus,https://www.ebi.ac.uk/chembl/explore/compound/CHEMBL269732
tamoxifen,https://www.ebi.ac.uk/chembl/explore/compound/CHEMBL83
gatifloxacin,https://www.ebi.ac.uk/chembl/explore/compound/CHEMBL31
tazarotene,https://www.ebi.ac.uk/chembl/explore/compound/CHEMBL1657
temazepam,https://www.ebi.ac.uk/chembl/explore/compound/CHEMBL967
temozolomide,https://www.ebi.ac.uk/chembl/explore/compound/CHEMBL810
teniposide,https://www.ebi.ac.uk/chembl/explore/compound/CHEMBL452231
terazosin,https://www.ebi.ac.uk/chembl/explore/compound/CHEMBL611
terbinafine,https://www.ebi.ac.uk/chembl/explore/compound/CHEMBL822
terbutaline,https://www.ebi.ac.uk/chembl/explore/compound/CHEMBL1760
terconazole,https://www.ebi.ac.uk/chembl/explore/compound/CHEMBL1306
testolactone,https://www.ebi.ac.uk/chembl/explore/compound/CHEMBL1571
testosterone,https://www.ebi.ac.uk/chembl/explore/compound/CHEMBL386630
tetracaine,https://www.ebi.ac.uk/chembl/explore/compound/CHEMBL698
tetrahydrozoline,https://www.ebi.ac.uk/chembl/explore/compound/CHEMBL1266
thalidomide,https://www.ebi.ac.uk/chembl/explore/compound/CHEMBL468
thiabendazole,https://www.ebi.ac.uk/chembl/explore/compound/CHEMBL625
thioridazine,https://www.ebi.ac.uk/chembl/explore/compound/CHEMBL479
thiotepa,https://www.ebi.ac.uk/chembl/explore/compound/CHEMBL671
thiothixene,https://www.ebi.ac.uk/chembl/explore/compound/CHEMBL1201
tiagabine,https://www.ebi.ac.uk/chembl/explore/compound/CHEMBL1027
tiaprofenic,https://www.ebi.ac.uk/chembl/explore/compound/CHEMBL365795
tibolone,https://www.ebi.ac.uk/chembl/explore/compound/CHEMBL2103774
ticlopidine,https://www.ebi.ac.uk/chembl/explore/compound/CHEMBL833
timolol,https://www.ebi.ac.uk/chembl/explore/compound/CHEMBL499
tinidazole,https://www.ebi.ac.uk/chembl/explore/compound/CHEMBL1220
tiopronin,https://www.ebi.ac.uk/chembl/explore/compound/CHEMBL1314
tirofiban,https://www.ebi.ac.uk/chembl/explore/compound/CHEMBL916
tizanidine,https://www.ebi.ac.uk/chembl/explore/compound/CHEMBL1079
tobramycin,https://www.ebi.ac.uk/chembl/explore/compound/CHEMBL1747
tolazamide,https://www.ebi.ac.uk/chembl/explore/compound/CHEMBL817
tolbutamide,https://www.ebi.ac.uk/chembl/explore/compound/CHEMBL782
tolmetin,https://www.ebi.ac.uk/chembl/explore/compound/CHEMBL1020
tolterodine,https://www.ebi.ac.uk/chembl/explore/compound/CHEMBL1382
topiramate,https://www.ebi.ac.uk/chembl/explore/compound/CHEMBL220492
topotecan,https://www.ebi.ac.uk/chembl/explore/compound/CHEMBL84
toremifene,https://www.ebi.ac.uk/chembl/explore/compound/CHEMBL1655
tramadol,https://www.ebi.ac.uk/chembl/explore/compound/CHEMBL1237044
tramazoline,https://www.ebi.ac.uk/chembl/explore/compound/CHEMBL32573
trandolapril,https://www.ebi.ac.uk/chembl/explore/compound/CHEMBL1519
tranexamic,⚠️ No compound links found.
tranylcypromine,https://www.ebi.ac.uk/chembl/explore/compound/CHEMBL1179
trazodone,https://www.ebi.ac.uk/chembl/explore/compound/CHEMBL621
retinoic,https://www.ebi.ac.uk/chembl/explore/compound/CHEMBL38
triamcinolone,https://www.ebi.ac.uk/chembl/explore/compound/CHEMBL1451
triamterene,https://www.ebi.ac.uk/chembl/explore/compound/CHEMBL585
triazolam,https://www.ebi.ac.uk/chembl/explore/compound/CHEMBL646
trien,⚠️ No compound links found.
trifluoperazine,https://www.ebi.ac.uk/chembl/explore/compound/CHEMBL422
trihexyphenidyl,https://www.ebi.ac.uk/chembl/explore/compound/CHEMBL1490
trimethadione,https://www.ebi.ac.uk/chembl/explore/compound/CHEMBL695
trimethobenzamide,https://www.ebi.ac.uk/chembl/explore/compound/CHEMBL1201256
trimethoprim,https://www.ebi.ac.uk/chembl/explore/compound/CHEMBL22
trimipramine,https://www.ebi.ac.uk/chembl/explore/compound/CHEMBL644
troglitazone,https://www.ebi.ac.uk/chembl/explore/compound/CHEMBL408
tropicamide,https://www.ebi.ac.uk/chembl/explore/compound/CHEMBL1200604
tropisetron,https://www.ebi.ac.uk/chembl/explore/compound/CHEMBL56564
trospium,https://www.ebi.ac.uk/chembl/explore/compound/CHEMBL1888176
delavirdine,https://www.ebi.ac.uk/chembl/explore/compound/CHEMBL593
unoprostone,https://www.ebi.ac.uk/chembl/explore/compound/CHEMBL1201407
UDCA,https://www.ebi.ac.uk/chembl/explore/compound/CHEMBL4531991
VACV,https://www.ebi.ac.uk/chembl/explore/compound/CHEMBL1200468
valsartan,https://www.ebi.ac.uk/chembl/explore/compound/CHEMBL1069
Vancocine,https://www.ebi.ac.uk/chembl/explore/compound/CHEMBL262777
venlafaxine,https://www.ebi.ac.uk/chembl/explore/compound/CHEMBL637
vigabatrin,https://www.ebi.ac.uk/chembl/explore/compound/CHEMBL89598
vinorelbine,https://www.ebi.ac.uk/chembl/explore/compound/CHEMBL553025
zafirlukast,https://www.ebi.ac.uk/chembl/explore/compound/CHEMBL603
zalcitabine,https://www.ebi.ac.uk/chembl/explore/compound/CHEMBL853
zaleplon,https://www.ebi.ac.uk/chembl/explore/compound/CHEMBL1521
zanamivir,https://www.ebi.ac.uk/chembl/explore/compound/CHEMBL222813
zidovudine,https://www.ebi.ac.uk/chembl/explore/compound/CHEMBL129
zolmitriptan,https://www.ebi.ac.uk/chembl/explore/compound/CHEMBL1185
zolpidem,https://www.ebi.ac.uk/chembl/explore/compound/CHEMBL911
zonisamide,https://www.ebi.ac.uk/chembl/explore/compound/CHEMBL750
zopiclone,https://www.ebi.ac.uk/chembl/explore/compound/CHEMBL135400
mitomycin,https://www.ebi.ac.uk/chembl/explore/compound/CHEMBL105
oxytocin,https://www.ebi.ac.uk/chembl/explore/compound/CHEMBL395429
phentolamine,https://www.ebi.ac.uk/chembl/explore/compound/CHEMBL597
demethyl,https://www.ebi.ac.uk/chembl/explore/compound/CHEMBL502215
oxandrolone,https://www.ebi.ac.uk/chembl/explore/compound/CHEMBL1200436
vincristine,https://www.ebi.ac.uk/chembl/explore/compound/CHEMBL90555
tetrabenazine,https://www.ebi.ac.uk/chembl/explore/compound/CHEMBL117785
EDTA,https://www.ebi.ac.uk/chembl/explore/compound/CHEMBL858
cysteamine,https://www.ebi.ac.uk/chembl/explore/compound/CHEMBL602
17-hydroxyprogesterone,https://www.ebi.ac.uk/chembl/explore/compound/CHEMBL1062
trifluorothymidine,https://www.ebi.ac.uk/chembl/explore/compound/CHEMBL1129
Optison,https://www.ebi.ac.uk/chembl/explore/compound/CHEMBL1201451
bromcresol,https://www.ebi.ac.uk/chembl/explore/compound/CHEMBL145704
methsuximide,https://www.ebi.ac.uk/chembl/explore/compound/CHEMBL697
cyclizine,https://www.ebi.ac.uk/chembl/explore/compound/CHEMBL648
phenylbutyric,https://www.ebi.ac.uk/chembl/explore/compound/CHEMBL1746
diethylpropion,https://www.ebi.ac.uk/chembl/explore/compound/CHEMBL1194666
benzoyl,https://www.ebi.ac.uk/chembl/explore/compound/CHEMBL327919
monobenzone,https://www.ebi.ac.uk/chembl/explore/compound/CHEMBL1388
benzonatate,https://www.ebi.ac.uk/chembl/explore/compound/CHEMBL1374379
tetraen,⚠️ No compound links found.
chloroprocaine,⚠️ No compound links found.
nafcillin,https://www.ebi.ac.uk/chembl/explore/compound/CHEMBL1443
methohexital,https://www.ebi.ac.uk/chembl/explore/compound/CHEMBL7413
dimercaptosuccinic,https://www.ebi.ac.uk/chembl/explore/compound/CHEMBL28721
aminophylline,https://www.ebi.ac.uk/chembl/explore/compound/CHEMBL1370561
propoxyphene,https://www.ebi.ac.uk/chembl/explore/compound/CHEMBL1213351
hydroxybutyrate,https://www.ebi.ac.uk/chembl/explore/compound/CHEMBL1342
echothiophate,https://www.ebi.ac.uk/chembl/explore/compound/CHEMBL1201341
lithium,https://www.ebi.ac.uk/chembl/explore/compound/CHEMBL2146126
Brolene,https://www.ebi.ac.uk/chembl/explore/compound/CHEMBL117213
zuclopenthixol,https://www.ebi.ac.uk/chembl/explore/compound/CHEMBL53904
desonide,https://www.ebi.ac.uk/chembl/explore/compound/CHEMBL1201109
isomannide,⚠️ No compound links found.
Tadenan,https://www.ebi.ac.uk/chembl/explore/compound/CHEMBL1200453
lormetazepam,https://www.ebi.ac.uk/chembl/explore/compound/CHEMBL22097
vinblastine,https://www.ebi.ac.uk/chembl/explore/compound/CHEMBL159
ferumoxytol,https://www.ebi.ac.uk/chembl/explore/compound/CHEMBL1201867
arsenic,https://www.ebi.ac.uk/chembl/explore/compound/CHEMBL1231052
benzathine,https://www.ebi.ac.uk/chembl/explore/compound/CHEMBL193646
amiloride,https://www.ebi.ac.uk/chembl/explore/compound/CHEMBL945
pimozide,https://www.ebi.ac.uk/chembl/explore/compound/CHEMBL1423
betamethasone,https://www.ebi.ac.uk/chembl/explore/compound/CHEMBL632
fluorescein,https://www.ebi.ac.uk/chembl/explore/compound/CHEMBL1057
5-aza-2'-deoxycytidine,⚠️ No compound links found.
SonoVue,https://www.ebi.ac.uk/chembl/explore/compound/CHEMBL1796998
clocortolone,https://www.ebi.ac.uk/chembl/explore/compound/CHEMBL2106011
hydrocodone,https://www.ebi.ac.uk/chembl/explore/compound/CHEMBL1457
gold,https://www.ebi.ac.uk/chembl/explore/compound/CHEMBL3833324
ogen,https://www.ebi.ac.uk/chembl/explore/compound/CHEMBL1200980
molindone,https://www.ebi.ac.uk/chembl/explore/compound/CHEMBL460
Fe(III,⚠️ No compound links found.
lanthanum,https://www.ebi.ac.uk/chembl/explore/compound/CHEMBL2096647
samarium,https://www.ebi.ac.uk/chembl/explore/compound/CHEMBL4300244
technetium-99m,https://www.ebi.ac.uk/chembl/explore/compound/CHEMBL4297443
copper,https://www.ebi.ac.uk/chembl/explore/compound/CHEMBL55643
gadolinium,https://www.ebi.ac.uk/chembl/explore/compound/CHEMBL1232993
zinc,https://www.ebi.ac.uk/chembl/explore/compound/CHEMBL1236970
barium,https://www.ebi.ac.uk/chembl/explore/compound/CHEMBL416956
Triphasil,https://www.ebi.ac.uk/chembl/explore/compound/CHEMBL4741284
glucose,https://www.ebi.ac.uk/chembl/explore/compound/CHEMBL1222250
iodide,https://www.ebi.ac.uk/chembl/explore/compound/CHEMBL1233550
clodronate,https://www.ebi.ac.uk/chembl/explore/compound/CHEMBL12318
pizotifen,https://www.ebi.ac.uk/chembl/explore/compound/CHEMBL294951
isosorbide-5-mononitrate,https://www.ebi.ac.uk/chembl/explore/compound/CHEMBL1311
desmopressin,https://www.ebi.ac.uk/chembl/explore/compound/CHEMBL1429
conjugated,https://www.ebi.ac.uk/chembl/explore/compound/CHEMBL409755
dexrazoxane,https://www.ebi.ac.uk/chembl/explore/compound/CHEMBL1738
carbimazole,https://www.ebi.ac.uk/chembl/explore/compound/CHEMBL508102
paraldehyde,https://www.ebi.ac.uk/chembl/explore/compound/CHEMBL1410743
metipranolol,https://www.ebi.ac.uk/chembl/explore/compound/CHEMBL1291
articaine,https://www.ebi.ac.uk/chembl/explore/compound/CHEMBL1093
Protirelin,https://www.ebi.ac.uk/chembl/explore/compound/CHEMBL1472
oxcarbazepine,https://www.ebi.ac.uk/chembl/explore/compound/CHEMBL1068
etomidate,https://www.ebi.ac.uk/chembl/explore/compound/CHEMBL681
gonadorelin,https://www.ebi.ac.uk/chembl/explore/compound/CHEMBL1007
dobutamine,https://www.ebi.ac.uk/chembl/explore/compound/CHEMBL926
halofantrine,https://www.ebi.ac.uk/chembl/explore/compound/CHEMBL1107
pentosan,https://www.ebi.ac.uk/chembl/explore/compound/CHEMBL2079699
carboplatin,https://www.ebi.ac.uk/chembl/explore/compound/CHEMBL1351
bezafibrate,https://www.ebi.ac.uk/chembl/explore/compound/CHEMBL264374
rimexolone,https://www.ebi.ac.uk/chembl/explore/compound/CHEMBL1200617
stiripentol,https://www.ebi.ac.uk/chembl/explore/compound/CHEMBL1983350
vecuronium,https://www.ebi.ac.uk/chembl/explore/compound/CHEMBL1201219
nabilone,https://www.ebi.ac.uk/chembl/explore/compound/CHEMBL2218896
pirfenidone,https://www.ebi.ac.uk/chembl/explore/compound/CHEMBL1256391
desogestrel,https://www.ebi.ac.uk/chembl/explore/compound/CHEMBL1533
Implanon,https://www.ebi.ac.uk/chembl/explore/compound/CHEMBL1697750
acitretin,https://www.ebi.ac.uk/chembl/explore/compound/CHEMBL1131
nitazoxanide,https://www.ebi.ac.uk/chembl/explore/compound/CHEMBL1401
sufentanil,https://www.ebi.ac.uk/chembl/explore/compound/CHEMBL658
valrubicin,https://www.ebi.ac.uk/chembl/explore/compound/CHEMBL1096885
acarbose,https://www.ebi.ac.uk/chembl/explore/compound/CHEMBL404271
torasemide,https://www.ebi.ac.uk/chembl/explore/compound/CHEMBL1148
desflurane,https://www.ebi.ac.uk/chembl/explore/compound/CHEMBL1200733
Westcort,https://www.ebi.ac.uk/chembl/explore/compound/CHEMBL1200562
Supremon,https://www.ebi.ac.uk/chembl/explore/compound/CHEMBL520960
misoprostol,https://www.ebi.ac.uk/chembl/explore/compound/CHEMBL606
lodoxamide,https://www.ebi.ac.uk/chembl/explore/compound/CHEMBL1201266
atracurium,https://www.ebi.ac.uk/chembl/explore/compound/CHEMBL1360
cisatracurium,https://www.ebi.ac.uk/chembl/explore/compound/CHEMBL1201248
butoconazole,https://www.ebi.ac.uk/chembl/explore/compound/CHEMBL1295
nicorandil,https://www.ebi.ac.uk/chembl/explore/compound/CHEMBL284906
naftifine,https://www.ebi.ac.uk/chembl/explore/compound/CHEMBL626
Goserelin,https://www.ebi.ac.uk/chembl/explore/compound/CHEMBL1201247
nedocromil,https://www.ebi.ac.uk/chembl/explore/compound/CHEMBL746
cefotetan,https://www.ebi.ac.uk/chembl/explore/compound/CHEMBL474579
alfentanil,https://www.ebi.ac.uk/chembl/explore/compound/CHEMBL634
miglitol,https://www.ebi.ac.uk/chembl/explore/compound/CHEMBL1561
miglustat,https://www.ebi.ac.uk/chembl/explore/compound/CHEMBL1029
prednicarbate,https://www.ebi.ac.uk/chembl/explore/compound/CHEMBL1200386
iloprost,https://www.ebi.ac.uk/chembl/explore/compound/CHEMBL494
Octreotide,https://www.ebi.ac.uk/chembl/explore/compound/CHEMBL1680
simvastatin,https://www.ebi.ac.uk/chembl/explore/compound/CHEMBL1064
cefpodoxime,https://www.ebi.ac.uk/chembl/explore/compound/CHEMBL1672
clarithromycin,https://www.ebi.ac.uk/chembl/explore/compound/CHEMBL1741
treprostinil,https://www.ebi.ac.uk/chembl/explore/compound/CHEMBL1237119
loteprednol,https://www.ebi.ac.uk/chembl/explore/compound/CHEMBL1201389
atomoxetine,https://www.ebi.ac.uk/chembl/explore/compound/CHEMBL641
moexiprilat,https://www.ebi.ac.uk/chembl/explore/compound/CHEMBL1165
Gd-DTPA,https://www.ebi.ac.uk/chembl/explore/compound/CHEMBL361599
milnacipran,https://www.ebi.ac.uk/chembl/explore/compound/CHEMBL259209
fosphenytoin,https://www.ebi.ac.uk/chembl/explore/compound/CHEMBL1201336
ranolazine,https://www.ebi.ac.uk/chembl/explore/compound/CHEMBL1404
Photofrin,https://www.ebi.ac.uk/chembl/explore/compound/CHEMBL2105866
imiquimod,https://www.ebi.ac.uk/chembl/explore/compound/CHEMBL1282
rotigotine,https://www.ebi.ac.uk/chembl/explore/compound/CHEMBL1303
pemirolast,https://www.ebi.ac.uk/chembl/explore/compound/CHEMBL1201198
levetiracetam,https://www.ebi.ac.uk/chembl/explore/compound/CHEMBL1286
esmolol,https://www.ebi.ac.uk/chembl/explore/compound/CHEMBL768
tamsulosin,https://www.ebi.ac.uk/chembl/explore/compound/CHEMBL836
adapalene,https://www.ebi.ac.uk/chembl/explore/compound/CHEMBL1265
adefovir,https://www.ebi.ac.uk/chembl/explore/compound/CHEMBL484
perindopril,https://www.ebi.ac.uk/chembl/explore/compound/CHEMBL1581
exemestane,https://www.ebi.ac.uk/chembl/explore/compound/CHEMBL1200374
zileuton,https://www.ebi.ac.uk/chembl/explore/compound/CHEMBL93
dexmedetomidine,https://www.ebi.ac.uk/chembl/explore/compound/CHEMBL778
cidofovir,https://www.ebi.ac.uk/chembl/explore/compound/CHEMBL5314375
rocuronium,https://www.ebi.ac.uk/chembl/explore/compound/CHEMBL1201244
meropenem,https://www.ebi.ac.uk/chembl/explore/compound/CHEMBL127
gadoteridol,https://www.ebi.ac.uk/chembl/explore/compound/CHEMBL1200593
bromfenac,https://www.ebi.ac.uk/chembl/explore/compound/CHEMBL1077
mTHPC,https://www.ebi.ac.uk/chembl/explore/compound/CHEMBL507368
ibutilide,https://www.ebi.ac.uk/chembl/explore/compound/CHEMBL533
gadodiamide,https://www.ebi.ac.uk/chembl/explore/compound/CHEMBL1200346
saquinavir,https://www.ebi.ac.uk/chembl/explore/compound/CHEMBL114
aripiprazole,https://www.ebi.ac.uk/chembl/explore/compound/CHEMBL1112
remifentanil,https://www.ebi.ac.uk/chembl/explore/compound/CHEMBL1005
tiotropium,https://www.ebi.ac.uk/chembl/explore/compound/CHEMBL1900528
duloxetine,https://www.ebi.ac.uk/chembl/explore/compound/CHEMBL1175
pemetrexed,https://www.ebi.ac.uk/chembl/explore/compound/CHEMBL225072
ibandronate,https://www.ebi.ac.uk/chembl/explore/compound/CHEMBL997
ziprasidone,https://www.ebi.ac.uk/chembl/explore/compound/CHEMBL708
olopatadine,https://www.ebi.ac.uk/chembl/explore/compound/CHEMBL1189432
levosimendan,https://www.ebi.ac.uk/chembl/explore/compound/CHEMBL2051955
emtricitabine,https://www.ebi.ac.uk/chembl/explore/compound/CHEMBL885
eprosartan,https://www.ebi.ac.uk/chembl/explore/compound/CHEMBL813
capecitabine,https://www.ebi.ac.uk/chembl/explore/compound/CHEMBL1773
monomethylfumarate,https://www.ebi.ac.uk/chembl/explore/compound/CHEMBL589586
doxycycline,https://www.ebi.ac.uk/chembl/explore/compound/CHEMBL1433
colestipol,https://www.ebi.ac.uk/chembl/explore/compound/CHEMBL1909303
Metrodin,https://www.ebi.ac.uk/chembl/explore/compound/CHEMBL516476
fosinoprilat,https://www.ebi.ac.uk/chembl/explore/compound/CHEMBL581
trovafloxacin,https://www.ebi.ac.uk/chembl/explore/compound/CHEMBL428
benazeprilat,https://www.ebi.ac.uk/chembl/explore/compound/CHEMBL1192519
valganciclovir,https://www.ebi.ac.uk/chembl/explore/compound/CHEMBL1201314
Meropenem,https://www.ebi.ac.uk/chembl/explore/compound/CHEMBL127
fenofibric,https://www.ebi.ac.uk/chembl/explore/compound/CHEMBL1075795
tenofovir,https://www.ebi.ac.uk/chembl/explore/compound/CHEMBL483
AMD3100,https://www.ebi.ac.uk/chembl/explore/compound/CHEMBL18442
Glat,https://www.ebi.ac.uk/chembl/explore/compound/CHEMBL4291780
bendamustine,https://www.ebi.ac.uk/chembl/explore/compound/CHEMBL487253
colestimide,https://www.ebi.ac.uk/chembl/explore/compound/CHEMBL2103800
reboxetine,https://www.ebi.ac.uk/chembl/explore/compound/CHEMBL14370
sertaconazole,https://www.ebi.ac.uk/chembl/explore/compound/CHEMBL1201196
lercanidipine,https://www.ebi.ac.uk/chembl/explore/compound/CHEMBL250270
telmisartan,https://www.ebi.ac.uk/chembl/explore/compound/CHEMBL1017
atosiban,https://www.ebi.ac.uk/chembl/explore/compound/CHEMBL382301
zoledronic,https://www.ebi.ac.uk/chembl/explore/compound/CHEMBL4303669
brinzolamide,https://www.ebi.ac.uk/chembl/explore/compound/CHEMBL220491
malvidin,https://www.ebi.ac.uk/chembl/explore/compound/CHEMBL255753
acamprosate,https://www.ebi.ac.uk/chembl/explore/compound/CHEMBL1201293
ropivacaine,https://www.ebi.ac.uk/chembl/explore/compound/CHEMBL1077896
nebivolol,https://www.ebi.ac.uk/chembl/explore/compound/CHEMBL434394
mivacurium,https://www.ebi.ac.uk/chembl/explore/compound/CHEMBL984
dofetilide,https://www.ebi.ac.uk/chembl/explore/compound/CHEMBL473
lanreotide,https://www.ebi.ac.uk/chembl/explore/compound/CHEMBL1201185
iloperidone,https://www.ebi.ac.uk/chembl/explore/compound/CHEMBL14376
Hoe,https://www.ebi.ac.uk/chembl/explore/compound/CHEMBL343002
TPGS,https://www.ebi.ac.uk/chembl/explore/compound/CHEMBL2108106
Lutalyse,https://www.ebi.ac.uk/chembl/explore/compound/CHEMBL1200896
voriconazole,https://www.ebi.ac.uk/chembl/explore/compound/CHEMBL638
perindoprilat,https://www.ebi.ac.uk/chembl/explore/compound/CHEMBL1201368
darifenacin,https://www.ebi.ac.uk/chembl/explore/compound/CHEMBL1346
Terlipressin,https://www.ebi.ac.uk/chembl/explore/compound/CHEMBL2135460
rifaximin,https://www.ebi.ac.uk/chembl/explore/compound/CHEMBL1617
bleomycin,https://www.ebi.ac.uk/chembl/explore/compound/CHEMBL403664
gemifloxacin,https://www.ebi.ac.uk/chembl/explore/compound/CHEMBL430
doripenem,https://www.ebi.ac.uk/chembl/explore/compound/CHEMBL491571
telithromycin,https://www.ebi.ac.uk/chembl/explore/compound/CHEMBL1136
atovaquone,⚠️ No compound links found.
frovatriptan,https://www.ebi.ac.uk/chembl/explore/compound/CHEMBL1279
eletriptan,https://www.ebi.ac.uk/chembl/explore/compound/CHEMBL1510
paricalcitol,https://www.ebi.ac.uk/chembl/explore/compound/CHEMBL1200622
MK-462,https://www.ebi.ac.uk/chembl/explore/compound/CHEMBL905
rosiglitazone,https://www.ebi.ac.uk/chembl/explore/compound/CHEMBL121
Vallergan,https://www.ebi.ac.uk/chembl/explore/compound/CHEMBL3989885
bexarotene,https://www.ebi.ac.uk/chembl/explore/compound/CHEMBL1023
agomelatine,https://www.ebi.ac.uk/chembl/explore/compound/CHEMBL10878
Ge-132,https://www.ebi.ac.uk/chembl/explore/compound/CHEMBL1095301
bortezomib,https://www.ebi.ac.uk/chembl/explore/compound/CHEMBL325041
nelarabine,https://www.ebi.ac.uk/chembl/explore/compound/CHEMBL1201112
rasburicase,https://www.ebi.ac.uk/chembl/explore/compound/CHEMBL1201594
ICI,⚠️ No compound links found.
raltitrexed,https://www.ebi.ac.uk/chembl/explore/compound/CHEMBL225071
levodopa/carbidopa,https://www.ebi.ac.uk/chembl/explore/compound/CHEMBL1200748
fotemustine,https://www.ebi.ac.uk/chembl/explore/compound/CHEMBL549386
rimonabant,https://www.ebi.ac.uk/chembl/explore/compound/CHEMBL111
bosentan,https://www.ebi.ac.uk/chembl/explore/compound/CHEMBL957
68Ga,https://www.ebi.ac.uk/chembl/explore/compound/CHEMBL315276
Diane-35,https://www.ebi.ac.uk/chembl/explore/compound/CHEMBL1242189
FTY720,https://www.ebi.ac.uk/chembl/explore/compound/CHEMBL544665
quinaprilat,https://www.ebi.ac.uk/chembl/explore/compound/CHEMBL1733
vardenafil,https://www.ebi.ac.uk/chembl/explore/compound/CHEMBL1520
tadalafil,https://www.ebi.ac.uk/chembl/explore/compound/CHEMBL779
eslicarbazepine,https://www.ebi.ac.uk/chembl/explore/compound/CHEMBL313120
paliperidone,https://www.ebi.ac.uk/chembl/explore/compound/CHEMBL1621
NTBC,https://www.ebi.ac.uk/chembl/explore/compound/CHEMBL4567229
clofarabine,https://www.ebi.ac.uk/chembl/explore/compound/CHEMBL1750
benzylpenicilloyl,https://www.ebi.ac.uk/chembl/explore/compound/CHEMBL1201779
valdecoxib,https://www.ebi.ac.uk/chembl/explore/compound/CHEMBL865
parecoxib,https://www.ebi.ac.uk/chembl/explore/compound/CHEMBL1206690
N-carbamylglutamate,https://www.ebi.ac.uk/chembl/explore/compound/CHEMBL553008
ustekinumab,https://www.ebi.ac.uk/chembl/explore/compound/CHEMBL1201835
retigabine,https://www.ebi.ac.uk/chembl/explore/compound/CHEMBL41355
FP-CIT,https://www.ebi.ac.uk/chembl/explore/compound/CHEMBL318755
rasagiline,https://www.ebi.ac.uk/chembl/explore/compound/CHEMBL887
SU5416,https://www.ebi.ac.uk/chembl/explore/compound/CHEMBL276711
travoprost,https://www.ebi.ac.uk/chembl/explore/compound/CHEMBL1200799
almotriptan,https://www.ebi.ac.uk/chembl/explore/compound/CHEMBL1505
Eptifibatide,https://www.ebi.ac.uk/chembl/explore/compound/CHEMBL1174
fondaparinux,https://www.ebi.ac.uk/chembl/explore/compound/CHEMBL1201202
etoricoxib,https://www.ebi.ac.uk/chembl/explore/compound/CHEMBL416146
Cancidas,https://www.ebi.ac.uk/chembl/explore/compound/CHEMBL5314378
gefitinib,https://www.ebi.ac.uk/chembl/explore/compound/CHEMBL939
Trisequens,⚠️ No compound links found.
Madopar,https://www.ebi.ac.uk/chembl/explore/compound/CHEMBL5220637
desloratadine,https://www.ebi.ac.uk/chembl/explore/compound/CHEMBL1172
desvenlafaxine,https://www.ebi.ac.uk/chembl/explore/compound/CHEMBL1118
pregabalin,https://www.ebi.ac.uk/chembl/explore/compound/CHEMBL1059
bimatoprost,https://www.ebi.ac.uk/chembl/explore/compound/CHEMBL1200963
trandolaprilat,https://www.ebi.ac.uk/chembl/explore/compound/CHEMBL1519
rufinamide,https://www.ebi.ac.uk/chembl/explore/compound/CHEMBL1201754
rosuvastatin,https://www.ebi.ac.uk/chembl/explore/compound/CHEMBL1496
esomeprazole,https://www.ebi.ac.uk/chembl/explore/compound/CHEMBL1201320
olmesartan,https://www.ebi.ac.uk/chembl/explore/compound/CHEMBL1516
fosamprenavir,https://www.ebi.ac.uk/chembl/explore/compound/CHEMBL1664
pitavastatin,https://www.ebi.ac.uk/chembl/explore/compound/CHEMBL1201753
abiraterone,https://www.ebi.ac.uk/chembl/explore/compound/CHEMBL254328
ivabradine,https://www.ebi.ac.uk/chembl/explore/compound/CHEMBL471737
febuxostat,https://www.ebi.ac.uk/chembl/explore/compound/CHEMBL1164729
pixantrone,https://www.ebi.ac.uk/chembl/explore/compound/CHEMBL153774
pomalidomide,https://www.ebi.ac.uk/chembl/explore/compound/CHEMBL43452
nitric,https://www.ebi.ac.uk/chembl/explore/compound/CHEMBL1352
drospirenone,https://www.ebi.ac.uk/chembl/explore/compound/CHEMBL1509
posaconazole,https://www.ebi.ac.uk/chembl/explore/compound/CHEMBL1397
pralatrexate,https://www.ebi.ac.uk/chembl/explore/compound/CHEMBL1201746
ospemifene,https://www.ebi.ac.uk/chembl/explore/compound/CHEMBL2107341
temsirolimus,https://www.ebi.ac.uk/chembl/explore/compound/CHEMBL1201182
atazanavir,https://www.ebi.ac.uk/chembl/explore/compound/CHEMBL1163
palonosetron,https://www.ebi.ac.uk/chembl/explore/compound/CHEMBL1189679
eplerenone,https://www.ebi.ac.uk/chembl/explore/compound/CHEMBL1095097
ezetimibe,https://www.ebi.ac.uk/chembl/explore/compound/CHEMBL1138
ertapenem,https://www.ebi.ac.uk/chembl/explore/compound/CHEMBL1359
nepafenac,https://www.ebi.ac.uk/chembl/explore/compound/CHEMBL1021
aprepitant,https://www.ebi.ac.uk/chembl/explore/compound/CHEMBL1471
conivaptan,https://www.ebi.ac.uk/chembl/explore/compound/CHEMBL1755
dutasteride,https://www.ebi.ac.uk/chembl/explore/compound/CHEMBL1200969
entecavir,https://www.ebi.ac.uk/chembl/explore/compound/CHEMBL713
clevidipine,https://www.ebi.ac.uk/chembl/explore/compound/CHEMBL1237132
solifenacin,https://www.ebi.ac.uk/chembl/explore/compound/CHEMBL1734
bazedoxifene,https://www.ebi.ac.uk/chembl/explore/compound/CHEMBL46740
asenapine,https://www.ebi.ac.uk/chembl/explore/compound/CHEMBL3187365
cinacalcet,https://www.ebi.ac.uk/chembl/explore/compound/CHEMBL1201284
gadopentetate,https://www.ebi.ac.uk/chembl/explore/compound/CHEMBL1200431
vinflunine,https://www.ebi.ac.uk/chembl/explore/compound/CHEMBL2110725
lubiprostone,https://www.ebi.ac.uk/chembl/explore/compound/CHEMBL1201134
methyl,https://www.ebi.ac.uk/chembl/explore/compound/CHEMBL396000
pegaptanib,https://www.ebi.ac.uk/chembl/explore/compound/CHEMBL2108752
sevelamer,https://www.ebi.ac.uk/chembl/explore/compound/CHEMBL5314349
colesevelam,https://www.ebi.ac.uk/chembl/explore/compound/CHEMBL1201677
zidovudine/lamivudine,⚠️ No compound links found.
tipranavir,https://www.ebi.ac.uk/chembl/explore/compound/CHEMBL222559
Anidulafungin,https://www.ebi.ac.uk/chembl/explore/compound/CHEMBL1631577
poly(styrene,https://www.ebi.ac.uk/chembl/explore/compound/CHEMBL2109033
varenicline,https://www.ebi.ac.uk/chembl/explore/compound/CHEMBL1076903
Kaluril,https://www.ebi.ac.uk/chembl/explore/compound/CHEMBL409
erlotinib,https://www.ebi.ac.uk/chembl/explore/compound/CHEMBL553
Prednefrin,⚠️ No compound links found.
etravirine,https://www.ebi.ac.uk/chembl/explore/compound/CHEMBL308954
gadobenate,https://www.ebi.ac.uk/chembl/explore/compound/CHEMBL1200571
ambrisentan,https://www.ebi.ac.uk/chembl/explore/compound/CHEMBL1111
L-Dmp,https://www.ebi.ac.uk/chembl/explore/compound/CHEMBL103247
dronedarone,https://www.ebi.ac.uk/chembl/explore/compound/CHEMBL184412
ramelteon,https://www.ebi.ac.uk/chembl/explore/compound/CHEMBL1218
lapatinib,https://www.ebi.ac.uk/chembl/explore/compound/CHEMBL554
NuvaRing,⚠️ No compound links found.
dabigatran,https://www.ebi.ac.uk/chembl/explore/compound/CHEMBL48361
darunavir,https://www.ebi.ac.uk/chembl/explore/compound/CHEMBL1323
lurasidone,https://www.ebi.ac.uk/chembl/explore/compound/CHEMBL1237021
aliskiren,https://www.ebi.ac.uk/chembl/explore/compound/CHEMBL1639
sitaxsentan,https://www.ebi.ac.uk/chembl/explore/compound/CHEMBL282724
tolvaptan,https://www.ebi.ac.uk/chembl/explore/compound/CHEMBL344159
sorafenib,https://www.ebi.ac.uk/chembl/explore/compound/CHEMBL1336
Colimycin,https://www.ebi.ac.uk/chembl/explore/compound/CHEMBL507048
lenalidomide,https://www.ebi.ac.uk/chembl/explore/compound/CHEMBL848
lasofoxifene,https://www.ebi.ac.uk/chembl/explore/compound/CHEMBL328190
regadenoson,https://www.ebi.ac.uk/chembl/explore/compound/CHEMBL317052
lacosamide,https://www.ebi.ac.uk/chembl/explore/compound/CHEMBL58323
Gd-EOB-DTPA,⚠️ No compound links found.
fosaprepitant,https://www.ebi.ac.uk/chembl/explore/compound/CHEMBL1199324
cortisone,https://www.ebi.ac.uk/chembl/explore/compound/CHEMBL1499
trimethoprim-sulfamethoxazole,⚠️ No compound links found.
carboprost,https://www.ebi.ac.uk/chembl/explore/compound/CHEMBL1237105
natamycin,https://www.ebi.ac.uk/chembl/explore/compound/CHEMBL1200656
cefditoren,https://www.ebi.ac.uk/chembl/explore/compound/CHEMBL454446
gadoversetamide,https://www.ebi.ac.uk/chembl/explore/compound/CHEMBL1200457
ciclesonide,https://www.ebi.ac.uk/chembl/explore/compound/CHEMBL2040682
roflumilast,https://www.ebi.ac.uk/chembl/explore/compound/CHEMBL193240
hemin,https://www.ebi.ac.uk/chembl/explore/compound/CHEMBL4303664
FK463,https://www.ebi.ac.uk/chembl/explore/compound/CHEMBL1237070
maraviroc,https://www.ebi.ac.uk/chembl/explore/compound/CHEMBL256907
efinaconazole,https://www.ebi.ac.uk/chembl/explore/compound/CHEMBL2103877
nilotinib,https://www.ebi.ac.uk/chembl/explore/compound/CHEMBL255863
silodosin,https://www.ebi.ac.uk/chembl/explore/compound/CHEMBL24778
TMC207,https://www.ebi.ac.uk/chembl/explore/compound/CHEMBL376488
propylthiouracil,https://www.ebi.ac.uk/chembl/explore/compound/CHEMBL1518
6-mercaptopurine,https://www.ebi.ac.uk/chembl/explore/compound/CHEMBL1425
methimazole,https://www.ebi.ac.uk/chembl/explore/compound/CHEMBL1515
6-thioguanine,https://www.ebi.ac.uk/chembl/explore/compound/CHEMBL727
ethionamide,https://www.ebi.ac.uk/chembl/explore/compound/CHEMBL1441
rilpivirine,https://www.ebi.ac.uk/chembl/explore/compound/CHEMBL175691
d-telaprevir,https://www.ebi.ac.uk/chembl/explore/compound/CHEMBL573043
prucalopride,https://www.ebi.ac.uk/chembl/explore/compound/CHEMBL117287
pimecrolimus,https://www.ebi.ac.uk/chembl/explore/compound/CHEMBL1200686
dasatinib,https://www.ebi.ac.uk/chembl/explore/compound/CHEMBL5416410
Estrofem,https://www.ebi.ac.uk/chembl/explore/compound/CHEMBL1405
fluticasone/salmeterol,https://www.ebi.ac.uk/chembl/explore/compound/CHEMBL1201396
vandetanib,https://www.ebi.ac.uk/chembl/explore/compound/CHEMBL24828
telavancin,https://www.ebi.ac.uk/chembl/explore/compound/CHEMBL507870
copolymer,https://www.ebi.ac.uk/chembl/explore/compound/CHEMBL2108999
axitinib,https://www.ebi.ac.uk/chembl/explore/compound/CHEMBL1289926
sunitinib,https://www.ebi.ac.uk/chembl/explore/compound/CHEMBL535
ALX,https://www.ebi.ac.uk/chembl/explore/compound/CHEMBL675
sitagliptin,https://www.ebi.ac.uk/chembl/explore/compound/CHEMBL1422
2-hydroxysuccinaldehyde,⚠️ No compound links found.
doxercalciferol,https://www.ebi.ac.uk/chembl/explore/compound/CHEMBL1200810
hydroxocobalamin,https://www.ebi.ac.uk/chembl/explore/compound/CHEMBL2103737
alclometasone,https://www.ebi.ac.uk/chembl/explore/compound/CHEMBL1201361
entacapone,https://www.ebi.ac.uk/chembl/explore/compound/CHEMBL953
tolcapone,https://www.ebi.ac.uk/chembl/explore/compound/CHEMBL1324
warfarin,https://www.ebi.ac.uk/chembl/explore/compound/CHEMBL1464
vildagliptin,https://www.ebi.ac.uk/chembl/explore/compound/CHEMBL142703
abacavir-lamivudine,⚠️ No compound links found.
elvitegravir,https://www.ebi.ac.uk/chembl/explore/compound/CHEMBL204656
dacarbazine,https://www.ebi.ac.uk/chembl/explore/compound/CHEMBL476
halobetasol,https://www.ebi.ac.uk/chembl/explore/compound/CHEMBL1201360
polyoxyethylene,⚠️ No compound links found.
bosutinib,https://www.ebi.ac.uk/chembl/explore/compound/CHEMBL288441
pralidoxime,https://www.ebi.ac.uk/chembl/explore/compound/CHEMBL1420
sulfasalazine,https://www.ebi.ac.uk/chembl/explore/compound/CHEMBL421
Paroven,https://www.ebi.ac.uk/chembl/explore/compound/CHEMBL556262
rifabutin,https://www.ebi.ac.uk/chembl/explore/compound/CHEMBL444633
methylnaltrexone,https://www.ebi.ac.uk/chembl/explore/compound/CHEMBL1186579
balsalazide,https://www.ebi.ac.uk/chembl/explore/compound/CHEMBL1201346
verteporfin,https://www.ebi.ac.uk/chembl/explore/compound/CHEMBL5314346
rifampicin,https://www.ebi.ac.uk/chembl/explore/compound/CHEMBL374478
olsalazine,https://www.ebi.ac.uk/chembl/explore/compound/CHEMBL425
ramiprilat,https://www.ebi.ac.uk/chembl/explore/compound/CHEMBL1201365
CGP,https://www.ebi.ac.uk/chembl/explore/compound/CHEMBL2106050
Mersyndol,⚠️ No compound links found.
tegaserod,https://www.ebi.ac.uk/chembl/explore/compound/CHEMBL76370
ofatumumab,https://www.ebi.ac.uk/chembl/explore/compound/CHEMBL1201836
deferasirox,https://www.ebi.ac.uk/chembl/explore/compound/CHEMBL550348
gadobutrol,https://www.ebi.ac.uk/chembl/explore/compound/CHEMBL2218860
rifapentine,https://www.ebi.ac.uk/chembl/explore/compound/CHEMBL1660
radium,https://www.ebi.ac.uk/chembl/explore/compound/CHEMBL2074977
AC1O3HA7,⚠️ No compound links found.
eribulin,https://www.ebi.ac.uk/chembl/explore/compound/CHEMBL1683590
auranofin,https://www.ebi.ac.uk/chembl/explore/compound/CHEMBL1366
cefdinir,https://www.ebi.ac.uk/chembl/explore/compound/CHEMBL927
hexaminolevulinate,https://www.ebi.ac.uk/chembl/explore/compound/CHEMBL1201784
tapentadol,https://www.ebi.ac.uk/chembl/explore/compound/CHEMBL1201776
tafluprost,https://www.ebi.ac.uk/chembl/explore/compound/CHEMBL1963683
indacaterol,https://www.ebi.ac.uk/chembl/explore/compound/CHEMBL1095777
rivaroxaban,https://www.ebi.ac.uk/chembl/explore/compound/CHEMBL198362
ivermectin,https://www.ebi.ac.uk/chembl/explore/compound/CHEMBL1200633
fidaxomicin,https://www.ebi.ac.uk/chembl/explore/compound/CHEMBL1255800
everolimus,https://www.ebi.ac.uk/chembl/explore/compound/CHEMBL1908360
ixabepilone,⚠️ No compound links found.
Locorten,https://www.ebi.ac.uk/chembl/explore/compound/CHEMBL1200877
Sativex,https://www.ebi.ac.uk/chembl/explore/compound/CHEMBL2372321
delamanid,https://www.ebi.ac.uk/chembl/explore/compound/CHEMBL218650
iron,https://www.ebi.ac.uk/chembl/explore/compound/CHEMBL110526
leuprorelin,https://www.ebi.ac.uk/chembl/explore/compound/CHEMBL1201199
strontium,https://www.ebi.ac.uk/chembl/explore/compound/CHEMBL2110786
vilazodone,https://www.ebi.ac.uk/chembl/explore/compound/CHEMBL439849
ceftobiprole,https://www.ebi.ac.uk/chembl/explore/compound/CHEMBL520642
prasugrel,https://www.ebi.ac.uk/chembl/explore/compound/CHEMBL1201772
retapamulin,https://www.ebi.ac.uk/chembl/explore/compound/CHEMBL1658
fesoterodine,https://www.ebi.ac.uk/chembl/explore/compound/CHEMBL1201764
sugammadex,https://www.ebi.ac.uk/chembl/explore/compound/CHEMBL2107374
belinostat,https://www.ebi.ac.uk/chembl/explore/compound/CHEMBL408513
PEP005,⚠️ No compound links found.
tasimelteon,⚠️ No compound links found.
ceftaroline,https://www.ebi.ac.uk/chembl/explore/compound/CHEMBL4594371
cabazitaxel,https://www.ebi.ac.uk/chembl/explore/compound/CHEMBL1201748
dalteparin,https://www.ebi.ac.uk/chembl/explore/compound/CHEMBL1201460
trans,https://www.ebi.ac.uk/chembl/explore/compound/CHEMBL1162798
tofacitinib,https://www.ebi.ac.uk/chembl/explore/compound/CHEMBL221959
azilsartan,https://www.ebi.ac.uk/chembl/explore/compound/CHEMBL57242
Lovaza,https://www.ebi.ac.uk/chembl/explore/compound/CHEMBL1200711
irbesartan-hydrochlorothiazide,https://www.ebi.ac.uk/chembl/explore/compound/CHEMBL1513
Stalevo,https://www.ebi.ac.uk/chembl/explore/compound/CHEMBL2105212
eltrombopag,https://www.ebi.ac.uk/chembl/explore/compound/CHEMBL461101
lomitapide,https://www.ebi.ac.uk/chembl/explore/compound/CHEMBL354541
mirabegron,https://www.ebi.ac.uk/chembl/explore/compound/CHEMBL2095212
avanafil,https://www.ebi.ac.uk/chembl/explore/compound/CHEMBL1963681
ticagrelor,https://www.ebi.ac.uk/chembl/explore/compound/CHEMBL398435
dapagliflozin,https://www.ebi.ac.uk/chembl/explore/compound/CHEMBL429910
apremilast,https://www.ebi.ac.uk/chembl/explore/compound/CHEMBL514800
perampanel,https://www.ebi.ac.uk/chembl/explore/compound/CHEMBL1214124
vernakalant,https://www.ebi.ac.uk/chembl/explore/compound/CHEMBL2111112
Benicar-HCT,⚠️ No compound links found.
SOM230,https://www.ebi.ac.uk/chembl/explore/compound/CHEMBL3349607
Lu,⚠️ No compound links found.
vorapaxar,https://www.ebi.ac.uk/chembl/explore/compound/CHEMBL493982
linagliptin,https://www.ebi.ac.uk/chembl/explore/compound/CHEMBL237500
pazopanib,https://www.ebi.ac.uk/chembl/explore/compound/CHEMBL477772
afatinib,https://www.ebi.ac.uk/chembl/explore/compound/CHEMBL1173655
besifloxacin,https://www.ebi.ac.uk/chembl/explore/compound/CHEMBL430
apixaban,https://www.ebi.ac.uk/chembl/explore/compound/CHEMBL231779
boceprevir,https://www.ebi.ac.uk/chembl/explore/compound/CHEMBL218394
lorcaserin,https://www.ebi.ac.uk/chembl/explore/compound/CHEMBL360328
glycerol,https://www.ebi.ac.uk/chembl/explore/compound/CHEMBL692
alogliptin,https://www.ebi.ac.uk/chembl/explore/compound/CHEMBL376359
regorafenib,https://www.ebi.ac.uk/chembl/explore/compound/CHEMBL1946170
aclidinium,https://www.ebi.ac.uk/chembl/explore/compound/CHEMBL620
TR-700,https://www.ebi.ac.uk/chembl/explore/compound/CHEMBL1257051
Saxagliptin,https://www.ebi.ac.uk/chembl/explore/compound/CHEMBL385517
riociguat,https://www.ebi.ac.uk/chembl/explore/compound/CHEMBL2107834
AN2690,https://www.ebi.ac.uk/chembl/explore/compound/CHEMBL443052
florbetaben,https://www.ebi.ac.uk/chembl/explore/compound/CHEMBL1908906
Zyprexa,https://www.ebi.ac.uk/chembl/explore/compound/CHEMBL715
umeclidinium,https://www.ebi.ac.uk/chembl/explore/compound/CHEMBL1187833
eliglustat,https://www.ebi.ac.uk/chembl/explore/compound/CHEMBL2110588
Carfilzomib,https://www.ebi.ac.uk/chembl/explore/compound/CHEMBL451887
crizotinib,https://www.ebi.ac.uk/chembl/explore/compound/CHEMBL601719
lisdexamfetamine,https://www.ebi.ac.uk/chembl/explore/compound/CHEMBL1201222
gadofosveset,https://www.ebi.ac.uk/chembl/explore/compound/CHEMBL1908843
trametinib,https://www.ebi.ac.uk/chembl/explore/compound/CHEMBL2103875
spinosad,https://www.ebi.ac.uk/chembl/explore/compound/CHEMBL2040681
nitroprusside,https://www.ebi.ac.uk/chembl/explore/compound/CHEMBL2097081
empagliflozin,https://www.ebi.ac.uk/chembl/explore/compound/CHEMBL2107830
vasopressin,https://www.ebi.ac.uk/chembl/explore/compound/CHEMBL373742
MDV3100,https://www.ebi.ac.uk/chembl/explore/compound/CHEMBL1082407
macitentan,https://www.ebi.ac.uk/chembl/explore/compound/CHEMBL2103873
TMC435,https://www.ebi.ac.uk/chembl/explore/compound/CHEMBL501849
PCI-32765,⚠️ No compound links found.
salmon,https://www.ebi.ac.uk/chembl/explore/compound/CHEMBL2309599
cosyntropin,https://www.ebi.ac.uk/chembl/explore/compound/CHEMBL2103784
LY146032,https://www.ebi.ac.uk/chembl/explore/compound/CHEMBL387675
Nuvocid,https://www.ebi.ac.uk/chembl/explore/compound/CHEMBL3989766
Vitrum,⚠️ No compound links found.
Insulin,https://www.ebi.ac.uk/chembl/explore/compound/CHEMBL1201631
Forteo,https://www.ebi.ac.uk/chembl/explore/compound/CHEMBL44354
ziconotide,https://www.ebi.ac.uk/chembl/explore/compound/CHEMBL4594214
Revasc,https://www.ebi.ac.uk/chembl/explore/compound/CHEMBL1201662
Bivalirudin,https://www.ebi.ac.uk/chembl/explore/compound/CHEMBL5314348
Enfuvirtide,https://www.ebi.ac.uk/chembl/explore/compound/CHEMBL525076
BPTI,https://www.ebi.ac.uk/chembl/explore/compound/CHEMBL2333770
Org,https://www.ebi.ac.uk/chembl/explore/compound/CHEMBL132332
Abarelix,https://www.ebi.ac.uk/chembl/explore/compound/CHEMBL2108312
hepatitis,https://www.ebi.ac.uk/chembl/explore/compound/CHEMBL2108512
ACTH(1-39,⚠️ No compound links found.
glucagon,https://www.ebi.ac.uk/chembl/explore/compound/CHEMBL5314341
oCRH,https://www.ebi.ac.uk/chembl/explore/compound/CHEMBL1077301
NovoLog,https://www.ebi.ac.uk/chembl/explore/compound/CHEMBL1201496
Humalog,https://www.ebi.ac.uk/chembl/explore/compound/CHEMBL1201538
Refludan,https://www.ebi.ac.uk/chembl/explore/compound/CHEMBL1201666
Symlin,https://www.ebi.ac.uk/chembl/explore/compound/CHEMBL2401866
liraglutide,https://www.ebi.ac.uk/chembl/explore/compound/CHEMBL4084119
degarelix,https://www.ebi.ac.uk/chembl/explore/compound/CHEMBL415606
insulin,https://www.ebi.ac.uk/chembl/explore/compound/CHEMBL1201631
Lyxumia,https://www.ebi.ac.uk/chembl/explore/compound/CHEMBL2108336
teduglutide,https://www.ebi.ac.uk/chembl/explore/compound/CHEMBL2104987
exenatide,https://www.ebi.ac.uk/chembl/explore/compound/CHEMBL414357
linaclotide,https://www.ebi.ac.uk/chembl/explore/compound/CHEMBL3301675
o291,https://www.ebi.ac.uk/chembl/explore/compound/CHEMBL2335888
pentastarch,https://www.ebi.ac.uk/chembl/explore/compound/CHEMBL2108122
ivacaftor,https://www.ebi.ac.uk/chembl/explore/compound/CHEMBL2010601
ruxolitinib,https://www.ebi.ac.uk/chembl/explore/compound/CHEMBL1789941
nesiritide,https://www.ebi.ac.uk/chembl/explore/compound/CHEMBL4071327
raltegravir,https://www.ebi.ac.uk/chembl/explore/compound/CHEMBL254316
piroxicam,https://www.ebi.ac.uk/chembl/explore/compound/CHEMBL527
Azarga,https://www.ebi.ac.uk/chembl/explore/compound/CHEMBL1200446
vismodegib,https://www.ebi.ac.uk/chembl/explore/compound/CHEMBL473417
canagliflozin,https://www.ebi.ac.uk/chembl/explore/compound/CHEMBL2048484
florbetapir,https://www.ebi.ac.uk/chembl/explore/compound/CHEMBL1774461
ponatinib,https://www.ebi.ac.uk/chembl/explore/compound/CHEMBL1171837
hetastarch,https://www.ebi.ac.uk/chembl/explore/compound/CHEMBL2108448
cobicistat,https://www.ebi.ac.uk/chembl/explore/compound/CHEMBL2095208
suvorexant,https://www.ebi.ac.uk/chembl/explore/compound/CHEMBL1083659
Triptorelin,https://www.ebi.ac.uk/chembl/explore/compound/CHEMBL1201334
cetrorelix,https://www.ebi.ac.uk/chembl/explore/compound/CHEMBL1200490
Nafarelin,https://www.ebi.ac.uk/chembl/explore/compound/CHEMBL1201309
Histrelin,https://www.ebi.ac.uk/chembl/explore/compound/CHEMBL1201255
sofosbuvir,https://www.ebi.ac.uk/chembl/explore/compound/CHEMBL1259059
cabozantinib,https://www.ebi.ac.uk/chembl/explore/compound/CHEMBL2105717
tetracycline,https://www.ebi.ac.uk/chembl/explore/compound/CHEMBL1440
minocycline,https://www.ebi.ac.uk/chembl/explore/compound/CHEMBL1434
acenocoumarol,https://www.ebi.ac.uk/chembl/explore/compound/CHEMBL397420
vemurafenib,https://www.ebi.ac.uk/chembl/explore/compound/CHEMBL1229517
oxytetracycline,https://www.ebi.ac.uk/chembl/explore/compound/CHEMBL1517
Lantus,https://www.ebi.ac.uk/chembl/explore/compound/CHEMBL1201497
tesamorelin,https://www.ebi.ac.uk/chembl/explore/compound/CHEMBL1237026
ecallantide,https://www.ebi.ac.uk/chembl/explore/compound/CHEMBL1201837
dabrafenib,https://www.ebi.ac.uk/chembl/explore/compound/CHEMBL2028663
mipomersen,https://www.ebi.ac.uk/chembl/explore/compound/CHEMBL502097
Promacta,https://www.ebi.ac.uk/chembl/explore/compound/CHEMBL461806
dalbavancin,https://www.ebi.ac.uk/chembl/explore/compound/CHEMBL3301669
Signifor,https://www.ebi.ac.uk/chembl/explore/compound/CHEMBL5314380
dolutegravir,https://www.ebi.ac.uk/chembl/explore/compound/CHEMBL1229211
tenoxicam,https://www.ebi.ac.uk/chembl/explore/compound/CHEMBL302795
demeclocycline,https://www.ebi.ac.uk/chembl/explore/compound/CHEMBL1591
heparin,https://www.ebi.ac.uk/chembl/explore/compound/CHEMBL4650299
hydroxypropyl,https://www.ebi.ac.uk/chembl/explore/compound/CHEMBL1201471
A77,https://www.ebi.ac.uk/chembl/explore/compound/CHEMBL2335899
tigecycline,https://www.ebi.ac.uk/chembl/explore/compound/CHEMBL376140
lymecycline,https://www.ebi.ac.uk/chembl/explore/compound/CHEMBL2103929
x,https://www.ebi.ac.uk/chembl/explore/compound/CHEMBL74639
colestyramine,https://www.ebi.ac.uk/chembl/explore/compound/CHEMBL1201625
K779,https://www.ebi.ac.uk/chembl/explore/compound/CHEMBL366947
